Año,Mes,País,total
2018,8,Islandia,1
2018,8,Grecia,2
2019,8,Argentina,29
2019,11,Hungría,1
2021,8,Argentina,1
2016,1,Rumania,1
2018,7,Croacia,1
2018,9,Puerto Rico,1
2015,8,Francia,33
2021,3,Suiza,1
2019,2,Croacia,1
2015,5,España,14
2019,1,Suiza,18
2018,7,Guyana,1
2020,1,Francia,24
2017,5,Israel,17
2016,3,Chile,39
2018,11,Ecuador,218
2018,11,Perú,65
2021,12,Guatemala,1
2017,4,Países Bajos,1
2021,6,Francia,2
2019,7,Polonia,1
2015,11,Cuba,7
2015,3,Suecia,4
2021,11,México,14
2018,12,Alemania,20
2018,1,Guatemala,4
2018,8,Ecuador,237
2021,2,México,3
2016,11,Australia,6
2017,1,Portugal,5
2017,8,Aruba,1
2017,1,Irlanda,4
2021,9,Brasil,1
2017,1,Alemania,51
2015,5,Perú,59
2019,6,Dinamarca,2
2018,4,Japón,5
2015,12,Francia,27
2021,7,Perú,5
2017,4,República Checa,2
2018,10,Reino Unido,11
2021,12,República Checa,1
2015,10,Polonia,2
2020,3,Francia,12
2016,4,Jamaica,2
2021,5,Perú,4
2021,12,Honduras,1
2018,5,Costa Rica,2
2019,6,Israel,3
2017,5,Ecuador,651
2017,7,Noruega,4
2022,10,Reino Unido,8
2021,8,España,9
2018,10,Uruguay,3
2017,2,Sudáfrica,1
2018,11,Australia,1
2020,12,Suecia,1
2019,5,China,3
2015,3,República Dominicana,4
2017,9,Ecuador,417
2019,2,Panamá,5
2016,1,República Checa,4
2016,1,Francia,30
2018,12,Guatemala,2
2018,6,Dinamarca,2
2017,8,España,47
2017,1,Puerto Rico,2
2015,10,Uruguay,2
2015,10,Suiza,6
2016,6,Nicaragua,2
2020,11,Bélgica,2
2015,1,India,2
2017,10,Finlandia,3
2015,10,Guatemala,3
2020,1,Uruguay,6
2017,1,Paraguay,3
2015,9,Irlanda,2
2018,8,Reino Unido,12
2019,3,Italia,8
2016,7,Cuba,5
2017,7,Uruguay,5
2017,12,Turquía,1
2015,5,Noruega,3
2015,12,Irlanda,2
2018,4,Canadá,5
2016,12,Perú,116
2016,2,Australia,5
2019,3,Panamá,5
2017,12,Hungría,1
2019,3,Ecuador,188
2017,7,Bulgaria,1
2021,10,Países Bajos,2
2016,8,Brasil,6
2019,12,España,32
2019,6,Puerto Rico,2
2018,12,Japón,2
2020,11,Perú,5
2015,10,Puerto Rico,1
2017,5,Dinamarca,7
2017,11,Malasia,3
2017,11,China,2
2016,4,Italia,8
2016,6,Ecuador,542
2016,12,India,1
2016,11,Panamá,4
2019,7,Israel,1
2018,1,Estonia,3
2017,1,México,18
2016,7,Países Bajos,17
2015,9,Pakistán,1
2018,5,España,13
2016,4,Noruega,2
2017,11,Grecia,1
2021,11,Irlanda,1
2020,1,Panamá,6
2016,7,Suecia,1
2018,1,Dinamarca,2
2019,12,India,1
2017,10,Suiza,13
2020,2,Honduras,1
2017,12,Filipinas,1
2020,10,México,4
2015,12,Eslovenia,2
2018,4,Países Bajos,6
2015,10,Turquía,1
2021,1,Costa Rica,1
2017,8,República Dominicana,8
2019,9,México,23
2016,1,Polonia,3
2019,8,Canadá,4
2016,11,Reino Unido,15
2019,9,Ecuador,169
2020,9,Noruega,2
2017,5,Polonia,3
2017,11,Portugal,4
2016,2,Guatemala,2
2015,12,Canadá,23
2015,4,Australia,3
2016,11,Francia,11
2015,9,Argentina,39
2015,1,República Dominicana,1
2018,8,Suiza,2
2016,3,Francia,28
2018,2,México,17
2015,6,Países Bajos,8
2016,1,España,27
2015,6,Costa Rica,3
2016,6,China,1
2016,1,Italia,8
2019,2,Costa Rica,6
2015,2,Suiza,15
2019,7,Cuba,5
2015,12,Países Bajos,8
2017,10,Filipinas,1
2016,5,Austria,1
2016,10,Paraguay,1
2017,7,República Checa,1
2016,5,Japón,2
2017,7,El Salvador,3
2016,6,España,32
2015,6,Reino Unido,15
2018,6,Irlanda,1
2019,8,Polonia,2
2015,5,México,5
2015,2,Perú,74
2017,5,México,20
2018,12,México,28
2018,1,Costa Rica,4
2016,3,Lituania,1
2018,5,Tailandia,3
2019,7,Eslovaquia,3
2019,5,República Checa,1
2017,4,Polonia,1
2016,5,Costa Rica,2
2019,1,Dinamarca,2
2019,4,Noruega,3
2018,5,Guatemala,4
2019,11,Noruega,3
2015,10,Países Bajos,4
2015,6,Omán,2
2015,3,Países Bajos,4
2021,12,España,34
2018,4,Irlanda,1
2019,7,Costa Rica,2
2015,7,República Dominicana,2
2016,4,Argentina,49
2020,3,Irlanda,2
2017,10,India,1
2018,8,Ghana,1
2020,2,República Dominicana,1
2018,11,China,1
2018,11,Portugal,4
2016,10,Suiza,7
2018,5,Brasil,11
2019,3,Bélgica,2
2018,4,Chile,14
2019,3,Rumania,2
2015,2,Italia,5
2018,12,Grecia,1
2018,12,Italia,10
2021,8,Perú,4
2019,8,Francia,25
2020,9,Portugal,1
2018,1,Alemania,41
2020,1,Austria,1
2016,11,Indonesia,5
2015,11,Italia,9
2015,10,Aruba,1
2015,3,Honduras,2
2018,8,Panamá,3
2016,8,Eslovenia,1
2016,8,Austria,3
2019,7,Ecuador,173
2018,3,El Salvador,3
2016,8,China,1
2019,9,Brasil,4
2016,2,Finlandia,2
2020,2,Irlanda,3
2018,2,Reino Unido,12
2017,5,Canadá,8
2020,11,Panamá,1
2017,1,Guatemala,1
2017,6,Francia,46
2019,3,Jordania,1
2016,6,Malasia,2
2017,12,Costa Rica,12
2015,3,Guatemala,3
2016,5,Bélgica,7
2018,4,Reino Unido,4
2019,12,República Checa,2
2018,6,Japón,1
2017,7,Polonia,4
2020,3,Panamá,2
2018,7,China,1
2018,8,Argentina,27
2017,6,Austria,6
2015,12,México,34
2015,7,China,2
2016,3,Dinamarca,1
2018,1,Puerto Rico,3
2017,5,Malta,2
2018,12,Cuba,5
2018,6,Panamá,9
2021,11,Panamá,2
2015,5,Suiza,15
2016,2,España,29
2015,8,Turquía,2
2017,11,Camerún,1
2019,4,Israel,6
2021,5,Italia,1
2015,11,Perú,72
2018,1,Francia,43
2019,3,México,13
2021,10,Islandia,1
2018,4,Francia,33
2018,8,México,18
2021,4,España,8
2015,2,Panamá,4
2015,3,Canadá,2
2016,9,Noruega,2
2017,7,Argentina,44
2019,9,Alemania,7
2019,4,Bélgica,3
2019,6,Australia,4
2019,10,China,1
2017,9,Croacia,1
2016,6,Finlandia,1
2017,7,Alemania,49
2015,8,Cuba,6
2020,11,Argentina,2
2015,6,Puerto Rico,1
2016,7,República Checa,4
2015,8,Israel,2
2018,2,Perú,85
2015,7,Suecia,3
2015,4,Uruguay,2
2019,4,Cuba,2
2015,1,China,2
2021,5,Reino Unido,2
2019,2,Nicaragua,2
2019,8,Guatemala,3
2016,11,Suiza,8
2015,4,Guatemala,3
2019,2,Líbano,1
2016,3,Guatemala,1
2017,12,Canadá,8
2015,11,Bélgica,1
2018,11,Suecia,4
2021,12,Costa Rica,5
2019,10,Singapur,1
2018,1,República Dominicana,1
2020,2,Chile,34
2019,4,Francia,23
2019,7,Perú,59
2016,1,Uruguay,2
2015,8,El Salvador,1
2015,12,Israel,2
2016,6,México,12
2017,10,Turquía,2
2017,5,Brasil,12
2017,8,Cuba,8
2018,9,Japón,1
2018,8,Países Bajos,6
2020,1,Japón,1
2019,9,Irlanda,1
2019,2,Francia,13
2017,2,Alemania,23
2017,3,Canadá,9
2019,11,China,2
2021,2,Ecuador,7
2015,5,Grecia,1
2020,3,Guatemala,2
2017,9,Uruguay,5
2015,12,Guatemala,2
2020,10,España,4
2016,9,Italia,11
2016,4,Alemania,19
2021,6,Cuba,1
2019,7,Puerto Rico,1
2019,1,Uruguay,7
2021,7,República Dominicana,1
2021,3,Australia,2
2021,6,República Dominicana,1
2017,12,El Salvador,4
2017,8,Israel,5
2018,7,Austria,3
2015,12,Perú,80
2021,12,Francia,22
2017,9,Reino Unido,12
2017,11,Australia,15
2016,4,China,2
2018,10,Canadá,4
2019,7,Australia,12
2017,7,Dinamarca,1
2018,11,Paraguay,14
2018,6,Canadá,7
2017,3,Sudáfrica,1
2018,6,El Salvador,1
2017,6,Dinamarca,1
2018,4,Panamá,6
2019,12,Israel,1
2016,8,Suiza,4
2016,2,El Salvador,1
2019,8,Hungría,2
2021,9,Chile,8
2015,4,Honduras,2
2019,3,Eslovenia,1
2015,5,Brasil,5
2016,7,Suiza,9
2016,9,Japón,1
2018,8,Australia,2
2017,3,Guatemala,5
2015,4,Reino Unido,16
2017,12,Panamá,4
2016,10,Singapur,2
2017,3,Cuba,4
2018,8,República Checa,2
2015,7,El Salvador,1
2019,8,República Dominicana,6
2017,9,Noruega,3
2021,5,Aruba,1
2018,9,Portugal,2
2020,3,Japón,2
2018,6,Eslovaquia,1
2018,11,Noruega,1
2017,3,Uruguay,3
2017,4,Austria,1
2016,8,Italia,13
2016,6,Chile,15
2019,12,Panamá,11
2018,10,República Checa,8
2015,2,México,5
2015,12,Portugal,1
2015,7,Alemania,38
2016,10,Dinamarca,1
2020,1,Puerto Rico,1
2017,3,República Dominicana,2
2019,6,Uruguay,4
2021,7,Países Bajos,4
2017,9,Israel,5
2019,12,Turquía,4
2018,3,Turquía,2
2018,10,Dinamarca,1
2016,9,República Dominicana,4
2021,12,Brasil,9
2015,9,Suiza,5
2019,8,Perú,93
2018,3,Guatemala,3
2021,12,Grecia,1
2021,10,Guatemala,2
2019,1,El Salvador,3
2021,8,México,8
2017,7,Japón,8
2019,9,Polonia,2
2018,11,Uruguay,2
2021,8,Aruba,1
2021,10,México,9
2018,7,Australia,6
2020,6,Uruguay,1
2017,10,Israel,1
2018,12,Rumania,1
2020,1,Suecia,5
2017,12,Ecuador,675
2017,11,Panamá,5
2016,8,Suecia,2
2016,12,Países Bajos,13
2019,2,Brasil,7
2019,7,Sudáfrica,1
2021,12,Noruega,2
2018,12,Ghana,2
2019,5,Dinamarca,1
2017,8,Rumania,1
2015,6,Ecuador,354
2018,6,Uruguay,3
2016,3,Brasil,3
2015,12,Liechtenstein,1
2018,10,Irlanda,1
2019,1,Brasil,9
2018,3,Polonia,1
2017,6,Grecia,1
2018,1,Argentina,97
2017,9,Chile,20
2019,3,China,1
2016,12,Argentina,43
2016,9,Estonia,1
2019,11,Italia,6
2015,8,Japón,5
2017,1,China,5
2018,2,Marruecos,2
2020,2,Indonesia,5
2017,12,Paraguay,3
2018,7,Países Bajos,10
2019,7,República Dominicana,2
2016,5,Italia,10
2017,1,España,34
2016,8,Francia,39
2021,7,Canadá,2
2020,2,Italia,11
2020,9,España,1
2015,7,Argentina,32
2015,9,Australia,3
2018,9,El Salvador,3
2018,5,Bélgica,2
2021,6,Uruguay,1
2016,10,Portugal,1
2019,3,Irlanda,1
2020,2,Argentina,18
2020,12,España,7
2021,1,Panamá,3
2018,5,Suiza,6
2018,4,Polonia,1
2015,8,Suiza,14
2016,11,Cuba,1
2018,1,Croacia,1
2017,2,República Checa,2
2015,8,República Dominicana,3
2016,1,Reino Unido,30
2017,10,Ecuador,453
2015,9,Chile,21
2019,2,Argentina,18
2017,5,Grecia,1
2019,5,Argentina,24
2019,10,Serbia,1
2017,8,Ecuador,690
2015,12,El Salvador,10
2017,7,Filipinas,1
2019,8,Indonesia,1
2021,3,Ecuador,4
2016,7,Alemania,33
2015,5,Ecuador,359
2017,6,Guatemala,3
2015,6,El Salvador,2
2018,4,Suiza,4
2016,7,Chile,21
2016,9,Puerto Rico,1
2017,6,Alemania,35
2021,12,Panamá,3
2016,6,Israel,8
2021,11,Costa Rica,6
2016,12,Italia,8
2020,2,Reino Unido,8
2020,12,Perú,9
2017,7,Francia,60
2019,7,Italia,6
2019,6,Sudáfrica,1
2021,7,Panamá,4
2016,4,Sudáfrica,1
2019,7,Bélgica,14
2017,9,Puerto Rico,3
2016,10,Chile,19
2019,4,México,20
2018,9,República Dominicana,2
2015,5,Nicaragua,2
2015,7,Austria,3
2021,12,Australia,1
2017,1,Japón,7
2016,2,Italia,12
2016,4,Cuba,2
2016,8,Nicaragua,7
2021,5,México,4
2017,4,Australia,6
2021,11,Turquía,1
2016,2,Portugal,1
2017,11,Hungría,1
2017,11,Ecuador,475
2015,8,Italia,9
2021,11,Israel,6
2019,1,Portugal,5
2018,6,Turquía,1
2021,1,Portugal,2
2015,7,Costa Rica,3
2018,1,Australia,7
2016,12,Líbano,1
2019,2,Bulgaria,3
2016,10,Eslovaquia,3
2018,7,Irlanda,3
2020,1,Israel,2
2020,12,Ecuador,5
2021,10,República Dominicana,1
2018,3,Italia,11
2019,10,Israel,1
2019,2,Japón,1
2020,2,México,15
2017,7,Camerún,1
2017,2,Guatemala,1
2019,8,Irlanda,2
2016,10,Reino Unido,5
2017,10,El Salvador,1
2016,11,República Checa,2
2020,1,Chile,29
2020,3,Bélgica,1
2018,5,Israel,4
2018,4,España,16
2018,10,México,53
2018,6,Cuba,5
2017,3,Chile,15
2015,1,España,29
2016,10,Ecuador,498
2015,4,Austria,1
2019,9,Reino Unido,8
2021,2,Chile,7
2017,10,República Dominicana,4
2021,11,España,10
2016,11,Turquía,2
2017,6,Australia,12
2021,2,República Checa,1
2015,10,Portugal,3
2017,11,El Salvador,11
2015,2,República Dominicana,2
2017,8,Italia,29
2016,6,El Salvador,2
2021,9,Panamá,1
2016,7,El Salvador,1
2019,8,Reino Unido,21
2015,1,Francia,24
2019,11,Bélgica,2
2015,5,Italia,4
2016,10,Guatemala,1
2021,8,Ecuador,8
2017,6,República Checa,1
2017,6,Eslovaquia,1
2021,9,Argentina,1
2017,8,Japón,2
2019,8,Israel,1
2015,11,Dinamarca,1
2018,1,México,43
2018,7,Uzbekistán,1
2015,6,Dinamarca,1
2015,7,Jordania,1
2017,8,Portugal,3
2015,9,Uruguay,1
2015,3,Francia,24
2017,6,Canadá,9
2017,3,Paraguay,3
2018,9,España,19
2019,3,Suecia,3
2015,9,Israel,5
2017,11,Finlandia,2
2017,11,Turquía,2
2015,8,Canadá,5
2018,1,Brasil,19
2018,5,Países Bajos,3
2015,1,Ecuador,291
2015,7,España,27
2017,12,Liechtenstein,2
2020,1,Guatemala,5
2019,6,Suiza,4
2018,7,Japón,2
2021,5,Ecuador,3
2015,10,Australia,11
2018,10,Perú,49
2019,12,Cuba,4
2018,9,Argentina,28
2018,10,Panamá,1
2019,6,Suecia,1
2021,7,Reino Unido,3
2019,11,España,15
2015,5,República Dominicana,3
2018,3,Bélgica,5
2018,11,Canadá,5
2016,8,Panamá,2
2016,6,Japón,1
2016,1,Dinamarca,3
2015,12,Alemania,20
2020,1,Canadá,10
2015,11,Costa Rica,2
2015,12,Suiza,4
2015,10,Chile,29
2021,10,Ecuador,56
2015,12,Panamá,7
2019,12,Eslovaquia,1
2018,7,Aruba,3
2016,7,Costa Rica,3
2019,7,China,1
2019,7,Noruega,2
2016,5,Rumania,1
2015,7,Francia,31
2016,8,Costa Rica,17
2019,9,El Salvador,3
2016,2,Argentina,69
2017,7,México,18
2017,8,Panamá,6
2019,5,Suiza,12
2019,10,Uruguay,1
2015,11,Filipinas,1
2019,3,Suiza,6
2015,3,Qatar,1
2018,8,El Salvador,1
2019,1,Perú,70
2019,9,Honduras,5
2020,2,Rumania,1
2019,9,Puerto Rico,1
2015,1,Dinamarca,3
2017,1,Suiza,26
2018,6,Austria,1
2018,11,Dinamarca,1
2015,7,Túnez,1
2019,7,Reino Unido,14
2016,1,Austria,2
2016,9,Bélgica,7
2019,8,Suiza,6
2019,5,Finlandia,1
2015,7,Rumania,2
2019,5,El Salvador,2
2019,7,España,26
2020,11,Francia,1
2015,5,Guatemala,1
2018,6,Bélgica,1
2016,3,República Dominicana,2
2015,9,España,22
2018,6,República Checa,1
2021,6,Suiza,1
2018,3,Panamá,3
2021,6,Suecia,1
2017,8,Honduras,1
2015,9,Países Bajos,3
2017,5,Cuba,1
2018,2,Paraguay,1
2019,5,Canadá,5
2019,3,Canadá,2
2015,9,Noruega,1
2018,8,Chile,29
2020,1,Reino Unido,9
2019,12,Eslovenia,1
2019,10,Reino Unido,2
2018,6,Suecia,2
2016,5,Suecia,2
2015,8,México,5
2019,11,El Salvador,1
2018,1,Reino Unido,13
2015,12,Austria,5
2016,6,Panamá,2
2015,4,Brasil,13
2015,2,Francia,23
2016,11,Ecuador,557
2018,11,Polonia,20
2018,3,República Checa,2
2015,6,España,26
2021,10,Chile,4
2017,12,Italia,13
2019,8,México,22
2018,7,España,39
2017,11,Puerto Rico,1
2021,8,Bélgica,1
2019,8,Cuba,4
2017,9,Guatemala,4
2018,8,Noruega,4
2016,7,Japón,1
2018,1,Chile,39
2018,12,Líbano,1
2017,6,Cuba,16
2016,7,Argentina,44
2015,3,Israel,4
2015,7,Turquía,1
2015,4,Canadá,8
2015,5,Honduras,2
2019,12,Noruega,6
2017,9,Cuba,5
2018,6,Portugal,1
2016,2,Francia,46
2019,9,Australia,4
2018,4,El Salvador,2
2016,7,Reino Unido,62
2017,1,Panamá,9
2017,11,Paraguay,3
2018,10,Países Bajos,5
2016,7,Uruguay,1
2015,1,Suiza,17
2019,6,Países Bajos,8
2017,7,Irlanda,7
2018,6,Finlandia,1
2018,12,Argentina,35
2021,11,Uruguay,1
2019,3,Chile,16
2021,11,Canadá,2
2019,1,Suecia,1
2019,4,Austria,4
2017,9,El Salvador,2
2017,5,Panamá,2
2015,2,Reino Unido,7
2016,2,República Dominicana,5
2019,5,España,14
2017,10,Bélgica,6
2017,12,Suecia,11
2015,1,Austria,2
2017,3,Perú,80
2016,3,Reino Unido,24
2015,5,Alemania,9
2019,1,Argentina,44
2017,1,Dinamarca,1
2017,1,Iraq,2
2016,5,Reino Unido,34
2017,1,Hungría,1
2016,3,El Salvador,2
2017,2,Países Bajos,12
2015,12,Puerto Rico,1
2015,11,Guatemala,4
2017,11,Reino Unido,22
2018,3,Países Bajos,5
2019,6,Bélgica,9
2020,2,Costa Rica,5
2018,5,Argentina,32
2018,3,Cuba,1
2018,4,Ecuador,199
2016,2,Países Bajos,11
2015,2,Portugal,1
2018,3,República Dominicana,2
2018,1,España,29
2021,4,Argentina,2
2017,1,Italia,24
2020,2,Ecuador,124
2016,7,Canadá,3
2016,3,Hungría,1
2017,8,Chile,27
2017,12,Alemania,52
2016,2,Jordania,1
2017,12,India,3
2016,12,Ghana,2
2016,5,Francia,31
2015,8,España,27
2015,12,Chile,30
2021,7,Brasil,3
2016,2,Perú,109
2019,4,Suecia,1
2020,12,Argentina,6
2016,8,Chile,12
2019,4,Ecuador,235
2015,5,Emiratos Árabes Unidos,1
2017,7,Rumania,2
2019,6,Reino Unido,13
2015,6,Israel,2
2020,12,República Checa,1
2016,10,Perú,77
2016,2,Bélgica,4
2019,6,República Dominicana,1
2015,9,Brasil,11
2018,9,Suiza,4
2016,11,Bélgica,1
2020,2,Austria,1
2019,4,Guyana,1
2016,7,Portugal,1
2019,7,Chile,24
2015,8,Perú,70
2017,6,Panamá,6
2019,2,Polonia,2
2021,1,Guatemala,5
2019,11,Panamá,5
2021,7,Ecuador,12
2016,9,Chile,23
2016,2,Ecuador,676
2015,6,Canadá,5
2019,7,Dinamarca,9
2020,1,Letonia,1
2020,3,Reino Unido,11
2018,8,Costa Rica,2
2020,12,Países Bajos,2
2017,9,Indonesia,1
2019,12,China,1
2019,4,Brasil,9
2020,1,Bonaire-San Esustaquio y Saba,1
2015,8,Ecuador,807
2018,1,El Salvador,3
2020,6,Perú,1
2015,3,Noruega,3
2016,2,Panamá,5
2015,12,Italia,15
2018,2,Uruguay,10
2016,11,Perú,127
2019,7,Camerún,2
2019,11,República Dominicana,3
2021,10,España,4
2018,4,Portugal,3
2018,10,Japón,2
2016,4,Australia,8
2018,7,Ghana,1
2017,6,Perú,66
2021,9,El Salvador,2
2015,5,Chile,11
2021,9,Guatemala,3
2018,9,Italia,8
2018,6,México,24
2019,7,El Salvador,2
2016,3,Perú,60
2019,11,Haití,1
2017,3,España,13
2019,7,Francia,22
2020,2,Australia,4
2017,5,Paraguay,3
2021,12,Bélgica,3
2021,12,Perú,17
2016,7,Croacia,1
2016,1,China,3
2018,9,Bélgica,3
2021,6,Chile,3
2015,12,Sudáfrica,1
2017,1,Perú,139
2015,9,Austria,1
2019,1,Rumania,1
2019,10,Italia,6
2016,1,República Dominicana,3
2015,11,Reino Unido,15
2015,11,Panamá,4
2019,8,Luxemburgo,1
2016,3,España,35
2021,5,Brasil,2
2018,10,Eslovaquia,5
2017,3,Rumania,1
2019,7,Argentina,29
2017,5,Suecia,4
2015,8,Hungría,1
2016,5,El Salvador,3
2020,12,Cuba,2
2016,5,Alemania,26
2016,11,Argentina,22
2018,4,Guatemala,5
2019,8,Panamá,5
2017,4,Guatemala,1
2020,1,España,26
2019,6,Ecuador,123
2019,2,Israel,3
2020,2,Paraguay,2
2017,4,Uruguay,3
2019,11,Líbano,1
2017,3,Suiza,4
2019,5,México,21
2017,4,El Salvador,1
2016,3,Estonia,2
2018,1,Suecia,3
2019,8,Alemania,11
2016,4,Suiza,16
2016,4,Chile,23
2018,10,Argentina,34
2017,12,Suiza,9
2019,6,Tailandia,1
2018,8,Francia,27
2016,12,Panamá,5
2018,1,Eslovenia,1
2015,2,Japón,4
2018,9,China,1
2018,9,Francia,28
2020,2,El Salvador,7
2021,3,Alemania,1
2016,9,Suiza,4
2017,11,Croacia,1
2018,10,Italia,5
2018,1,Suiza,10
2015,3,Panamá,2
2016,1,Noruega,2
2015,2,Dinamarca,1
2018,2,Ecuador,358
2019,9,Italia,3
2017,3,Austria,2
2016,9,Uruguay,5
2019,9,Chipre,2
2016,11,México,25
2017,5,Eslovenia,1
2018,9,Honduras,3
2016,9,Suecia,1
2018,5,Finlandia,2
2019,3,Francia,14
2019,10,Suiza,2
2021,8,Países Bajos,3
2017,12,Reino Unido,42
2021,11,Suiza,1
2016,3,Paraguay,1
2019,11,Reino Unido,8
2015,12,Bélgica,1
2015,1,Perú,144
2019,4,Eslovaquia,2
2017,6,República Dominicana,2
2015,8,Países Bajos,5
2017,4,Chile,22
2018,2,Panamá,10
2015,3,Alemania,25
2019,10,Chile,6
2016,11,Hungría,1
2018,12,Francia,28
2017,11,Costa Rica,9
2019,12,Suecia,7
2019,1,Indonesia,1
2019,4,Dinamarca,2
2015,8,Dinamarca,1
2015,7,Suiza,16
2019,10,Portugal,1
2020,3,Argentina,9
2017,11,Alemania,31
2015,4,Puerto Rico,1
2019,3,Brasil,7
2021,9,Francia,1
2019,5,Austria,1
2019,4,Reino Unido,20
2019,5,Haití,1
2016,7,Israel,8
2016,2,Suecia,7
2016,12,Israel,2
2020,12,Suiza,2
2017,2,Luxemburgo,1
2016,6,Turquía,1
2019,12,Reino Unido,19
2016,12,Paraguay,1
2019,5,Panamá,5
2016,10,Australia,8
2017,8,El Salvador,1
2017,4,Ecuador,471
2019,4,Guatemala,3
2016,2,Canadá,11
2018,7,Panamá,3
2017,2,Italia,8
2016,3,Letonia,1
2017,6,Chile,36
2021,4,Chile,1
2018,5,Dinamarca,1
2016,10,Líbano,1
2021,11,Paraguay,11
2017,12,Eslovaquia,1
2016,2,Chile,43
2019,9,Grecia,1
2016,5,Ucrania,1
2018,8,Brasil,13
2016,1,Cuba,2
2018,12,España,40
2015,7,Israel,7
2019,1,Alemania,19
2021,10,Perú,3
2017,2,Chile,48
2015,11,Marruecos,1
2017,12,Argentina,56
2015,1,Israel,3
2017,5,Alemania,43
2015,11,China,5
2017,12,Irlanda,3
2017,5,Costa Rica,3
2018,5,Francia,24
2019,1,Reino Unido,16
2017,5,España,20
2018,5,Japón,2
2015,4,México,14
2017,6,Irlanda,3
2016,5,Brasil,11
2015,3,Nicaragua,1
2015,10,España,24
2020,12,Guatemala,1
2019,7,Suiza,8
2017,5,Tailandia,1
2018,5,Alemania,21
2018,1,Irlanda,4
2021,1,Ecuador,8
2018,4,Argentina,32
2018,5,China,3
2017,8,Dinamarca,2
2019,5,India,1
2019,2,Portugal,2
2021,7,Bélgica,1
2019,6,México,33
2017,5,El Salvador,1
2021,8,Cuba,1
2019,12,Polonia,2
2017,5,Portugal,4
2017,4,Sudáfrica,1
2017,8,Austria,3
2019,4,Vanuatu,1
2017,4,Panamá,5
2017,11,Guatemala,6
2019,3,Austria,3
2017,7,Puerto Rico,1
2016,7,Liechtenstein,2
2021,6,México,6
2017,10,Perú,84
2015,10,Perú,82
2017,6,Reino Unido,43
2017,12,Brasil,23
2017,5,Armenia,1
2019,8,Australia,6
2015,3,Puerto Rico,1
2015,10,Costa Rica,6
2017,8,Perú,104
2019,3,Puerto Rico,1
2019,11,Paraguay,1
2017,8,Uruguay,5
2016,8,Australia,9
2017,3,Argentina,30
2017,3,Suecia,4
2016,11,Chile,10
2018,3,Rumania,1
2021,12,Ecuador,105
2015,11,Polonia,3
2017,1,Brasil,15
2018,3,Chile,30
2019,8,Ecuador,1
2021,6,Perú,3
2015,3,México,17
2015,9,Bélgica,2
2015,6,Australia,13
2018,10,Ghana,1
2019,2,Perú,46
2019,5,Perú,19
2016,5,Ecuador,764
2015,7,República Checa,5
2018,7,Costa Rica,4
2021,6,Ecuador,18
2018,2,Canadá,7
2021,12,Italia,3
2017,3,Japón,2
2021,12,Eslovenia,1
2021,3,Chile,4
2017,1,Australia,13
2015,1,Chile,30
2020,2,India,1
2016,8,Honduras,3
2019,12,Canadá,12
2018,10,Suecia,5
2019,9,Francia,11
2019,6,Rumania,2
2020,10,Ecuador,5
2017,3,Francia,34
2018,9,Guatemala,9
2016,3,Argentina,49
2019,3,Uruguay,11
2016,4,Honduras,1
2016,9,Francia,8
2019,1,Costa Rica,6
2015,1,San Vicente y las Granadinas,1
2018,3,Suecia,1
2018,9,Suecia,1
2017,2,Rumania,1
2020,2,Brasil,13
2017,6,México,14
2015,11,Chile,8
2021,8,Panamá,3
2021,12,Ucrania,1
2021,4,Cuba,1
2018,11,Panamá,7
2015,6,República Dominicana,1
2015,9,Costa Rica,4
2021,2,Nicaragua,1
2015,9,Perú,62
2016,1,Brasil,21
2019,10,Polonia,2
2015,1,Uruguay,6
2020,12,Canadá,3
2018,11,México,62
2015,4,Perú,52
2016,12,Portugal,1
2016,4,Canadá,8
2018,6,Alemania,19
2018,12,Costa Rica,6
2020,1,Serbia,1
2019,7,Panamá,8
2016,9,Reino Unido,8
2017,6,Noruega,4
2018,4,Puerto Rico,1
2015,11,Austria,5
2015,3,Chile,5
2016,1,Costa Rica,2
2015,6,Hungría,1
2015,7,Japón,3
2016,11,Austria,1
2018,3,Japón,4
2016,11,Noruega,2
2021,9,España,6
2017,2,Turquía,2
2020,10,Francia,2
2016,1,Turquía,2
2017,4,Brasil,8
2015,4,Costa Rica,3
2018,12,Suiza,36
2018,12,Portugal,2
2019,6,Cuba,3
2019,2,Irlanda,1
2021,7,Austria,1
2019,9,Cuba,6
2019,10,Rumania,1
2017,3,Brasil,5
2020,10,Serbia,1
2019,1,República Checa,2
2018,8,República Dominicana,3
2021,11,Alemania,4
2018,1,Países Bajos,20
2018,11,Argentina,20
2016,12,Finlandia,1
2017,7,Hungría,1
2018,8,Honduras,1
2021,8,Uruguay,1
2020,1,México,33
2016,6,Países Bajos,19
2016,7,Irlanda,5
2017,11,Italia,19
2019,7,Brasil,5
2015,7,Italia,19
2017,2,Bélgica,6
2015,10,Eslovaquia,3
2016,7,Dinamarca,1
2019,12,Irlanda,2
2020,3,Suiza,3
2019,8,Brasil,15
2018,9,Chile,55
2015,12,Reino Unido,33
2018,6,Brasil,11
2015,5,Paraguay,1
2015,3,Finlandia,1
2017,11,España,70
2015,6,Túnez,1
2020,3,Uruguay,2
2018,2,Ghana,1
2021,7,México,3
2021,8,Alemania,8
2020,2,Alemania,47
2019,10,Panamá,7
2017,10,Portugal,4
2016,9,Guatemala,5
2018,7,Italia,4
2017,3,Países Bajos,9
2018,1,Honduras,6
2019,10,Austria,2
2018,9,Irlanda,4
2017,4,Costa Rica,5
2019,1,Canadá,8
2015,12,Argentina,34
2020,2,Guyana,1
2015,12,Honduras,4
2020,2,Grecia,1
2015,2,Alemania,42
2015,1,Argentina,78
2018,8,Guatemala,2
2018,8,Perú,65
2016,10,China,1
2016,7,Filipinas,15
2021,8,Reino Unido,1
2016,10,Bélgica,1
2015,6,Chile,8
2016,2,Uruguay,5
2019,10,Alemania,10
2019,2,Italia,6
2016,4,México,32
2015,3,Italia,8
2018,12,Perú,60
2017,9,Costa Rica,3
2017,11,Polonia,9
2019,5,Brasil,10
2019,2,El Salvador,1
2019,11,Grecia,1
2021,3,México,4
2020,2,Suecia,5
2018,3,Bulgaria,2
2017,8,Argentina,58
2018,10,Austria,3
2015,2,Finlandia,2
2016,1,Suecia,6
2020,1,Portugal,6
2018,8,Canadá,3
2018,2,Brasil,18
2017,8,Egipto,1
2019,5,Chile,12
2019,10,Cuba,3
2016,12,Lituania,1
2018,7,Suecia,1
2017,8,China,7
2018,9,Paraguay,9
2019,8,Bélgica,1
2018,6,Paraguay,9
2015,7,Cuba,3
2019,5,República Dominicana,3
2017,2,Suiza,13
2015,8,Polonia,3
2019,9,Argentina,21
2017,11,República Dominicana,1
2017,10,Honduras,3
2016,8,España,26
2017,10,Países Bajos,5
2017,7,Perú,86
2016,11,Aruba,1
2020,2,China,1
2019,12,Brasil,24
2021,4,México,5
2018,5,Indonesia,1
2017,11,Israel,1
2018,3,Puerto Rico,1
2016,10,Panamá,5
2018,2,Austria,4
2015,1,Ucrania,1
2018,1,Portugal,10
2019,2,Australia,1
2015,7,Reino Unido,28
2016,8,Ecuador,875
2021,8,Portugal,2
2018,8,Eslovenia,1
2021,7,Argentina,2
2015,4,Panamá,1
2015,9,Reino Unido,10
2021,6,Austria,1
2019,10,Países Bajos,5
2017,1,Eslovaquia,1
2018,3,Grecia,1
2016,10,Japón,3
2019,8,Paraguay,1
2016,12,España,39
2021,4,Perú,4
2018,7,Brasil,7
2016,5,Filipinas,1
2018,6,República Dominicana,1
2018,2,Italia,16
2017,4,Israel,5
2016,3,Países Bajos,8
2015,3,Bélgica,2
2021,7,España,18
2016,3,Noruega,2
2018,7,Finlandia,2
2016,5,Sudáfrica,1
2015,6,Brasil,3
2015,6,Argentina,37
2018,12,Nicaragua,2
2019,2,Honduras,1
2016,11,El Salvador,3
2018,4,Eslovenia,1
2015,10,Panamá,2
2018,7,Guatemala,2
2016,9,Portugal,1
2018,1,Nicaragua,2
2015,10,República Dominicana,3
2016,9,Australia,3
2018,6,Reino Unido,10
2017,8,Estonia,1
2015,2,Puerto Rico,2
2017,2,Cuba,2
2020,1,Bélgica,3
2018,10,Ecuador,131
2016,5,Israel,7
2020,1,Dinamarca,1
2019,12,Alemania,33
2018,10,Alemania,8
2019,4,Portugal,3
2019,1,Francia,26
2021,2,Perú,1
2016,12,Suecia,11
2017,6,Suiza,16
2020,2,Israel,1
2018,9,Países Bajos,5
2018,11,República Checa,2
2017,8,Puerto Rico,7
2017,4,Francia,42
2019,1,Austria,1
2016,1,Finlandia,1
2016,8,Dinamarca,2
2018,8,Suecia,2
2015,6,México,16
2018,4,Perú,37
2018,4,México,63
2019,8,España,26
2021,7,Italia,1
2020,1,Países Bajos,7
2017,12,Francia,37
2017,4,Argentina,32
2016,9,Países Bajos,5
2018,12,El Salvador,1
2017,6,Japón,2
2016,4,Brasil,6
2016,5,Polonia,18
2021,4,Ecuador,13
2019,1,Noruega,4
2018,3,Ecuador,345
2015,11,Argentina,27
2017,3,República Checa,1
2018,1,Ecuador,190
2019,4,Argentina,30
2016,7,Guatemala,5
2016,3,Ucrania,1
2017,3,Reino Unido,15
2021,6,Canadá,2
2016,4,Japón,1
2015,10,México,26
2017,7,Guatemala,3
2015,5,Uruguay,3
2015,8,Uruguay,3
2017,10,Costa Rica,3
2021,5,China,1
2020,2,Polonia,4
2017,4,Ghana,1
2017,10,Canadá,8
2016,2,República Checa,4
2021,1,Países Bajos,1
2018,6,Australia,2
2017,9,Austria,3
2018,12,Honduras,7
2019,12,Bélgica,2
2019,8,Honduras,8
2019,9,Costa Rica,7
2015,8,Panamá,8
2017,6,Uruguay,5
2019,10,Ecuador,110
2015,11,Brasil,9
2018,12,Australia,2
2017,2,México,15
2015,4,Polonia,1
2015,2,Croacia,1
2016,10,Uruguay,3
2016,10,España,25
2018,7,Canadá,5
2020,12,Brasil,8
2016,8,Guatemala,4
2018,7,Suiza,13
2020,11,España,5
2019,4,Panamá,14
2017,6,Argentina,54
2016,5,Panamá,3
2017,11,Dinamarca,2
2016,8,Uruguay,5
2017,1,Israel,2
2018,2,Portugal,4
2019,10,Nicaragua,2
2016,7,Bélgica,8
2020,2,Panamá,13
2019,6,Austria,2
2017,5,Países Bajos,14
2017,12,Polonia,4
2016,3,Suecia,12
2018,3,Canadá,3
2017,4,Suiza,8
2017,12,Jordania,1
2017,3,Dinamarca,3
2016,12,Austria,2
2021,12,Portugal,1
2017,2,Brasil,16
2018,12,República Checa,2
2016,9,México,12
2015,10,Reino Unido,9
2018,8,Finlandia,1
2019,3,Argentina,27
2021,5,España,3
2015,5,Canadá,1
2018,2,Suiza,15
2019,2,Suiza,4
2015,3,Australia,7
2019,4,China,4
2017,11,Brasil,10
2015,10,Dinamarca,1
2015,12,Ecuador,787
2017,2,Reino Unido,15
2018,6,Honduras,1
2015,5,Irlanda,1
2021,8,Guatemala,1
2021,9,Ecuador,9
2018,4,Australia,4
2018,12,República Dominicana,3
2016,3,Costa Rica,9
2017,4,Japón,1
2019,1,Malta,1
2017,1,Austria,8
2015,8,Brasil,8
2019,5,Honduras,1
2016,4,Finlandia,1
2015,7,Pakistán,1
2019,9,Suiza,6
2015,6,Perú,71
2017,12,Perú,147
2015,7,Canadá,10
2015,10,República Checa,2
2018,9,Israel,4
2018,3,Australia,9
2016,8,Grecia,1
2022,12,Canadá,8
2019,1,Panamá,8
2016,1,Canadá,20
2019,8,Italia,7
2019,1,Ecuador,113
2019,7,Canadá,9
2016,12,Ecuador,322
2018,9,Panamá,7
2016,3,México,14
2018,2,Cuba,5
2019,4,Polonia,2
2019,1,Países Bajos,2
2016,6,República Dominicana,1
2019,3,Sudáfrica,1
2015,10,Bélgica,1
2017,3,Estonia,3
2015,7,Guatemala,4
2019,6,Guatemala,3
2015,10,Hungría,2
2017,10,Uruguay,3
2017,12,Honduras,3
2018,12,Polonia,1
2016,10,Brasil,11
2019,2,Chile,18
2017,2,Polonia,2
2015,6,Panamá,2
2015,9,República Checa,1
2015,4,Irlanda,2
2019,11,Cuba,1
2015,10,Irlanda,2
2015,10,Canadá,5
2018,4,Cuba,2
2017,3,Australia,6
2015,8,Luxemburgo,1
2017,10,Brasil,31
2016,7,Marruecos,1
2017,11,India,1
2015,2,Chile,33
2019,10,Canadá,3
2020,9,Italia,1
2018,9,Finlandia,2
2015,11,Turquía,1
2017,1,Polonia,3
2018,3,Austria,5
2018,6,Costa Rica,2
2018,2,Croacia,1
2018,1,Uruguay,8
2019,11,Suiza,6
2015,7,India,2
2018,6,España,33
2017,2,Ecuador,427
2016,6,Italia,6
2015,8,Australia,11
2015,2,Polonia,1
2019,1,Puerto Rico,2
2016,4,Ecuador,866
2015,5,Japón,1
2021,11,Rumania,2
2018,11,Países Bajos,7
2021,7,Francia,6
2018,5,Perú,58
2015,2,España,30
2016,2,Suiza,21
2018,5,Honduras,1
2016,5,México,18
2015,4,Italia,6
2015,12,China,1
2021,5,Argentina,2
2018,5,México,17
2021,8,Costa Rica,3
2019,12,Países Bajos,13
2017,4,Finlandia,1
2019,8,República Checa,1
2017,5,China,2
2020,11,China,1
2016,6,República Checa,2
2020,2,Nicaragua,1
2017,12,Ghana,2
2021,1,Uruguay,1
2019,9,Suecia,1
2021,12,Alemania,20
2015,5,Francia,24
2018,3,Brasil,4
2018,10,Chile,13
2016,5,Honduras,1
2017,3,Ecuador,299
2019,2,Paraguay,1
2015,2,Irlanda,2
2017,8,Países Bajos,16
2021,12,Finlandia,1
2021,2,Panamá,1
2017,7,República Dominicana,4
2015,12,Costa Rica,2
2017,12,Eslovenia,1
2017,10,Guatemala,7
2015,1,Brasil,12
2017,10,Japón,2
2017,9,Alemania,26
2018,3,China,8
2021,3,Panamá,1
2017,10,Alemania,32
2016,6,Suecia,4
2017,5,Japón,3
2019,8,Uruguay,2
2015,10,Ecuador,743
2016,12,Brasil,11
2015,3,Brasil,13
2018,10,Paraguay,5
2019,3,Países Bajos,5
2016,11,Brasil,11
2017,3,México,7
2017,12,Cuba,7
2018,11,Cuba,4
2016,10,República Checa,11
2015,7,Portugal,2
2015,10,Suecia,3
2021,11,Guatemala,6
2019,12,Perú,77
2017,2,El Salvador,3
2018,9,Uruguay,5
2015,7,Perú,66
2016,10,Honduras,2
2016,7,Rumania,1
2017,11,Irlanda,5
2017,6,Portugal,1
2018,11,España,26
2018,5,El Salvador,1
2020,1,Argentina,25
2017,1,Reino Unido,23
2017,7,Bélgica,12
2015,12,Paraguay,2
2020,3,Chile,8
2015,4,Chile,14
2017,8,Bulgaria,1
2018,7,Reino Unido,7
2021,12,El Salvador,2
2017,6,Italia,11
2018,1,Israel,7
2015,2,Bélgica,4
2017,10,Argentina,63
2015,1,Irlanda,3
2016,1,Irlanda,7
2017,1,Noruega,2
2019,6,Canadá,2
2016,2,Alemania,41
2016,6,Brasil,7
2019,3,República Dominicana,2
2017,10,Chile,47
2018,4,Israel,2
2015,11,Alemania,23
2016,8,México,16
2015,11,Portugal,2
2019,10,Brasil,7
2016,6,Guatemala,4
2015,1,Puerto Rico,4
2016,3,Aruba,1
2019,9,Sudáfrica,1
2015,8,Alemania,24
2021,5,Cuba,1
2015,8,Bulgaria,1
2015,3,España,22
2015,6,Noruega,4
2019,9,Perú,62
2021,10,Suiza,1
2015,3,Reino Unido,17
2015,3,Suiza,2
2020,1,Costa Rica,2
2016,11,Dinamarca,1
2017,5,Chile,11
2018,7,Bélgica,3
2015,8,Bélgica,7
2018,6,Argentina,28
2017,3,Italia,9
2020,2,Francia,32
2018,1,Austria,2
2021,2,Países Bajos,1
2021,9,Cuba,1
2021,10,Brasil,5
2019,11,Chile,12
2015,10,Cuba,6
2018,12,Noruega,1
2015,12,Brasil,13
2015,11,España,28
2018,8,Alemania,14
2020,3,Alemania,20
2018,2,Argentina,45
2018,5,Bulgaria,1
2018,10,Honduras,5
2015,6,Bulgaria,2
2018,1,Turquía,11
2021,1,Perú,4
2016,8,República Dominicana,5
2021,7,Alemania,2
2016,6,Cuba,3
2015,7,Panamá,9
2016,10,Puerto Rico,2
2019,8,Suecia,1
2018,1,Hungría,1
2019,10,Guatemala,2
2016,7,México,28
2015,7,Ecuador,337
2021,3,Perú,1
2015,7,Chile,12
2019,2,Ecuador,130
2016,4,Países Bajos,10
2019,5,Puerto Rico,2
2017,4,Suecia,5
2015,8,Grecia,1
2017,10,Italia,24
2016,12,Bélgica,1
2017,8,México,38
2018,2,Eslovaquia,11
2020,12,República Dominicana,1
2019,1,Polonia,1
2019,12,México,48
2018,10,Brasil,7
2019,5,Australia,6
2019,7,Paraguay,4
2019,10,Francia,6
2021,5,Alemania,1
2020,11,México,6
2017,4,República Dominicana,1
2015,4,Suiza,3
2018,6,Polonia,3
2015,11,Suiza,7
2022,3,Rusia,2
2019,11,Uruguay,2
2017,4,Dinamarca,4
2017,8,Canadá,4
2018,2,Camerún,1
2016,2,India,1
2019,2,Alemania,30
2018,2,Suecia,1
2016,7,Australia,14
2018,1,Japón,3
2019,8,Chile,19
2021,12,Países Bajos,4
2017,12,Países Bajos,25
2015,5,El Salvador,1
2015,2,Canadá,8
2021,1,Suiza,1
2015,8,Honduras,5
2019,8,Vanuatu,1
2020,1,Irlanda,1
2021,4,Guatemala,1
2016,8,Canadá,6
2021,2,España,2
2018,11,Italia,7
2018,5,Noruega,2
2016,5,Chile,24
2021,3,Argentina,3
2017,10,Cuba,1
2018,3,Nicaragua,1
2020,1,Brasil,44
2017,9,Países Bajos,3
2015,5,Turquía,3
2019,10,Australia,10
2019,12,Dinamarca,5
2020,11,Ecuador,5
2018,7,Ecuador,202
2018,2,Dinamarca,4
2021,11,Francia,4
2016,3,Irlanda,1
2019,12,Letonia,3
2017,12,Rumania,1
2016,7,Italia,9
2016,5,Suiza,11
2018,3,Perú,81
2017,6,Ecuador,422
2020,3,Perú,20
2018,11,Bélgica,4
2017,12,Bélgica,9
2017,8,Turquía,2
2021,12,Chile,21
2021,10,Argentina,1
2019,1,Bulgaria,1
2015,10,Filipinas,1
2019,7,Finlandia,3
2020,2,Perú,26
2016,10,Irlanda,3
2015,4,Paraguay,2
2019,4,Honduras,1
2018,9,Serbia,1
2020,12,Grecia,2
2019,1,Italia,7
2020,2,Malasia,1
2015,4,Alemania,16
2021,12,Suecia,1
2017,1,Argentina,65
2019,7,Uruguay,10
2017,9,Italia,8
2016,11,Polonia,4
2016,1,Filipinas,2
2021,3,Países Bajos,1
2017,7,Paraguay,2
2017,8,Australia,6
2017,5,Bélgica,4
2018,6,Rumania,1
2016,11,Nicaragua,1
2016,1,Chile,45
2019,7,Suecia,3
2017,5,Hungría,1
2019,1,Honduras,1
2017,12,España,47
2019,6,Costa Rica,3
2021,12,Suiza,7
2020,10,Noruega,1
2019,10,México,89
2016,10,México,33
2021,6,Países Bajos,1
2021,9,Alemania,3
2017,12,Uruguay,5
2016,5,Dinamarca,7
2017,9,México,12
2015,3,Perú,92
2016,5,Uruguay,1
2019,9,Chile,14
2017,8,Bélgica,9
2018,9,Alemania,9
2016,2,Polonia,3
2015,8,Sudáfrica,1
2017,9,Suiza,12
2015,4,España,21
2016,11,Suecia,2
2016,2,Noruega,3
2015,8,Noruega,3
2016,2,Japón,3
2017,2,Noruega,1
2015,10,Francia,19
2021,9,Reino Unido,2
2015,8,Egipto,1
2015,8,Austria,2
2018,3,Irlanda,1
2015,12,Noruega,13
2016,9,Irlanda,2
2016,5,Irlanda,6
2016,9,Argentina,56
2021,8,Noruega,1
2015,11,Australia,17
2019,8,India,1
2019,1,Hungría,1
2016,11,Honduras,2
2019,1,Finlandia,2
2015,2,Argentina,42
2016,10,El Salvador,3
2016,11,Israel,3
2016,4,Ucrania,1
2018,3,Argentina,30
2017,2,Francia,36
2017,12,Israel,2
2020,12,Alemania,3
2016,7,Ecuador,837
2019,7,Alemania,12
2018,7,Alemania,19
2018,9,Cuba,4
2015,8,Irlanda,2
2018,5,República Checa,4
2017,12,Portugal,3
2018,11,Guatemala,3
2016,8,Bélgica,2
2017,4,Canadá,9
2018,3,Costa Rica,3
2021,7,Cuba,3
2019,2,Reino Unido,10
2017,1,Canadá,14
2017,3,Bélgica,4
2015,9,Ghana,1
2017,7,Ghana,1
2017,6,España,22
2019,1,España,27
2016,1,Ecuador,325
2021,11,Chile,7
2016,5,Perú,67
2018,4,Alemania,11
2015,1,Suecia,3
2019,12,Australia,10
2021,2,Alemania,1
2021,9,Australia,1
2019,3,India,2
2016,10,Argentina,35
2015,6,Austria,1
2015,6,Honduras,3
2017,1,Cuba,2
2021,6,Alemania,2
2019,4,Suiza,7
2017,10,Noruega,2
2017,10,Francia,34
2015,3,Uruguay,3
2020,2,Hungría,1
2021,1,Francia,3
2019,3,Israel,2
2019,2,Austria,2
2017,9,Honduras,1
2019,5,Israel,1
2016,12,Suiza,14
2015,11,India,1
2016,12,Cuba,3
2017,8,Reino Unido,27
2018,3,Alemania,18
2020,9,México,2
2018,9,Reino Unido,12
2015,11,Irlanda,1
2019,5,Italia,4
2020,3,Albania,1
2021,8,Brasil,4
2018,12,Panamá,6
2021,3,Costa Rica,1
2019,3,Costa Rica,2
2020,2,Uruguay,2
2016,6,Reino Unido,39
2016,11,Uruguay,2
2019,1,Japón,1
2019,1,Guatemala,3
2015,1,Japón,2
2021,9,Líbano,1
2019,3,España,17
2019,3,Croacia,1
2017,7,Sudáfrica,1
2017,6,Suecia,3
2020,3,Cuba,3
2016,9,Canadá,3
2015,2,Pakistán,1
2016,4,Polonia,5
2017,11,Cuba,3
2015,7,Australia,3
2017,4,Portugal,4
2016,7,China,3
2019,2,Países Bajos,7
2020,12,Costa Rica,5
2015,6,Bélgica,3
2017,8,Irlanda,4
2015,9,Japón,2
2019,11,Austria,2
2017,10,Suecia,1
2017,9,Bélgica,1
2016,12,Irlanda,2
2018,2,Guatemala,1
2015,2,Países Bajos,7
2019,4,República Dominicana,3
2020,11,República Dominicana,1
2016,11,República Dominicana,3
2016,4,Austria,1
2018,12,Reino Unido,14
2018,9,Rumania,2
2015,7,Irlanda,7
2016,12,Francia,38
2015,8,Chile,27
2016,8,El Salvador,2
2021,12,Uruguay,2
2019,12,Italia,6
2017,12,Dinamarca,3
2016,12,Uruguay,7
2017,4,Turquía,4
2018,7,México,25
2018,1,Italia,12
2019,5,Japón,1
2015,10,Argentina,31
2018,5,Suecia,2
2020,12,Bélgica,1
2018,4,Costa Rica,11
2021,6,España,7
2019,5,Mozambique,2
2019,2,Canadá,3
2016,9,Ecuador,527
2015,10,Estonia,2
2017,12,México,53
2016,10,Yemen,1
2018,11,Reino Unido,30
2016,9,Austria,1
2021,6,Bélgica,2
2015,6,Polonia,2
2015,2,Austria,4
2020,1,Paraguay,1
2018,8,Cuba,3
2016,3,Japón,8
2020,3,Países Bajos,5
2018,3,España,26
2016,4,Portugal,2
2018,10,Cuba,4
2017,9,Canadá,4
2017,12,China,1
2019,12,Costa Rica,11
2016,7,República Dominicana,8
2017,1,Chile,35
2019,5,Francia,21
2017,9,España,31
2017,1,Francia,29
2015,2,Ecuador,251
2017,3,Honduras,1
2015,1,Panamá,2
2020,1,Perú,103
2016,10,Costa Rica,3
2019,10,Mozambique,2
2021,12,Cuba,2
2019,1,Eslovaquia,1
2019,7,Líbano,1
2019,5,Portugal,1
2015,2,Suecia,2
2016,6,Francia,37
2018,8,Rumania,1
2018,12,Canadá,20
2019,12,Suiza,15
2016,1,Bélgica,3
2017,3,China,3
2015,11,Uruguay,5
2015,7,Honduras,1
2015,12,Japón,2
2016,3,Australia,6
2017,4,Cuba,1
2017,5,Italia,8
2017,10,Polonia,1
2017,5,Australia,11
2017,10,España,31
2019,9,Panamá,5
2021,4,Panamá,1
2017,1,Costa Rica,2
2018,11,Alemania,26
2018,11,Austria,8
2017,5,Austria,3
2020,7,Panamá,1
2018,12,Chile,40
2021,1,Tailandia,1
2016,3,Polonia,1
2017,5,Francia,31
2016,6,Hungría,1
2017,10,México,60
2019,2,Uruguay,4
2017,7,Costa Rica,9
2016,9,El Salvador,5
2015,6,Rumania,1
2018,1,Noruega,4
2016,1,Serbia,1
2017,6,Polonia,3
2018,2,Países Bajos,8
2020,8,Ecuador,4
2021,1,Brasil,4
2019,10,Costa Rica,8
2016,1,Puerto Rico,1
2015,7,Uruguay,1
2015,9,Panamá,13
2021,11,Brasil,6
2020,3,Polonia,1
2019,6,Brasil,4
2019,5,Alemania,15
2018,2,Honduras,1
2016,11,Canadá,16
2018,4,Suecia,2
2018,3,Dinamarca,1
2018,4,Honduras,6
2018,10,Costa Rica,4
2016,1,Israel,1
2018,2,España,27
2016,12,Noruega,3
2017,3,Israel,5
2018,8,Bélgica,3
2017,9,Brasil,10
2017,9,Argentina,67
2019,1,China,3
2016,2,Reino Unido,24
2016,6,Austria,5
2019,4,Alemania,23
2015,11,México,22
2017,5,Reino Unido,42
2020,2,Noruega,1
2018,9,Eslovenia,1
2018,2,Israel,1
2018,2,Costa Rica,2
2019,3,Perú,40
2017,7,Panamá,5
2017,8,Suecia,3
2018,10,España,29
2016,8,Perú,170
2021,11,Noruega,1
2016,10,Alemania,8
2015,9,Italia,5
2016,1,El Salvador,1
2016,6,Puerto Rico,2
2015,6,China,1
2020,1,Eslovenia,1
2021,5,Francia,1
2016,5,Países Bajos,8
2015,1,Bélgica,1
2020,3,España,4
2018,6,Perú,54
2018,6,Israel,1
2016,12,Guatemala,5
2017,11,Aruba,1
2016,3,Cuba,3
2016,4,Israel,5
2019,3,Guyana,1
2020,2,España,16
2017,11,Eslovaquia,1
2021,2,Italia,1
2019,1,México,19
2016,2,China,1
2021,11,Perú,3
2019,7,Irlanda,1
2015,10,Austria,2
2016,12,Luxemburgo,1
2021,1,Argentina,4
2015,10,Brasil,17
2017,1,Suecia,5
2018,5,Canadá,13
2020,12,Francia,5
2015,4,Argentina,23
2015,11,Países Bajos,10
2018,5,Austria,2
2019,9,Jordania,1
2021,10,Hungría,1
2019,6,Irlanda,2
2019,9,Guatemala,6
2017,10,Dinamarca,1
2021,8,Italia,3
2017,10,República Checa,9
2018,12,Austria,1
2021,1,Italia,1
2015,6,Suiza,13
2019,11,Perú,33
2017,2,República Dominicana,7
2019,6,Alemania,16
2019,12,Guatemala,5
2020,1,República Dominicana,1
2016,6,Bélgica,5
2021,1,El Salvador,1
2019,5,Costa Rica,3
2018,2,Alemania,37
2020,3,Italia,3
2015,6,Alemania,26
2016,10,Canadá,8
2016,9,Cuba,1
2016,5,Turquía,1
2016,12,El Salvador,2
2017,11,Argentina,53
2019,8,Portugal,3
2016,6,Alemania,26
2016,8,Cuba,6
2018,12,India,2
2019,3,Grecia,1
2016,12,Chile,40
2018,8,Portugal,5
2017,6,Sudáfrica,2
2016,3,Panamá,4
2017,2,Irlanda,1
2020,1,China,1
2021,4,Países Bajos,3
2019,11,Brasil,9
2018,1,Perú,114
2019,1,Bélgica,4
2019,6,El Salvador,1
2017,7,Reino Unido,37
2016,1,Estonia,1
2017,9,Francia,29
2015,5,Bélgica,3
2015,12,Jordania,4
2018,1,India,3
2015,1,Costa Rica,1
2017,4,Irlanda,4
2019,4,Chile,19
2015,12,República Checa,3
2017,11,Canadá,8
2017,10,Reino Unido,18
2015,1,Alemania,28
2015,1,México,15
2017,7,Brasil,22
2016,8,Países Bajos,5
2021,9,Italia,3
2019,3,Australia,4
2021,12,Reino Unido,3
2018,7,Cuba,2
2017,5,Argentina,44
2017,12,Nicaragua,1
2016,1,Sudáfrica,2
2017,11,Francia,39
2016,7,Brasil,7
2017,12,República Checa,1
2019,8,El Salvador,1
2019,11,Eslovaquia,1
2017,7,Ecuador,616
2019,7,Países Bajos,12
2019,9,República Dominicana,2
2021,8,Tailandia,1
2021,7,Chile,1
2016,6,Costa Rica,7
2015,7,México,37
2021,12,Argentina,13
2015,6,Uruguay,3
2018,12,Israel,1
2021,10,Francia,3
2017,8,Líbano,1
2017,10,Austria,9
2017,8,Polonia,1
2019,9,China,1
2015,10,Yemen,1
2017,9,Australia,15
2017,5,India,2
2016,7,España,27
2016,11,Italia,13
2018,5,Australia,6
2017,3,Alemania,37
2017,5,Perú,64
2019,2,China,2
2020,3,República Checa,14
2015,9,Cuba,5
2019,8,Costa Rica,4
2019,9,Canadá,4
2017,7,Cuba,6
2015,2,Australia,7
2016,4,Suecia,2
2015,12,Chipre,1
2017,8,Brasil,15
2019,5,Ecuador,166
2019,4,Países Bajos,6
2017,11,Países Bajos,11
2015,10,Nicaragua,1
2016,12,República Dominicana,2
2017,2,Japón,3
2017,9,Portugal,1
2021,7,China,1
2017,7,India,1
2018,2,Irlanda,3
2019,2,Guatemala,7
2018,2,Japón,4
2019,4,Perú,54
2016,6,Jordania,1
2018,6,Países Bajos,4
2018,6,Italia,14
2019,12,Argentina,28
2015,5,Reino Unido,15
2016,9,Brasil,4
2018,6,Guatemala,3
2019,11,Francia,18
2019,3,Uganda,1
2015,3,India,1
2016,4,Turquía,1
2016,4,República Dominicana,2
2017,6,Paraguay,1
2017,3,Polonia,1
2019,4,Japón,1
2021,2,Canadá,1
2016,12,Costa Rica,6
2015,4,República Dominicana,5
2017,4,España,27
2018,4,Italia,7
2019,12,Francia,40
2017,3,Irlanda,3
2016,4,Reino Unido,32
2015,6,Francia,18
2017,10,Panamá,4
2015,1,Países Bajos,16
2015,5,Argentina,23
2017,1,Grecia,1
2016,8,Portugal,4
2019,9,Países Bajos,4
2021,1,Honduras,4
2019,5,Guatemala,1
2018,9,Brasil,6
2016,4,Paraguay,1
2018,12,Brasil,25
2016,12,Alemania,23
2020,10,Chile,1
2015,11,Jordania,1
2020,1,Ecuador,163
2015,2,Uruguay,5
2021,3,España,2
2019,8,Austria,2
2020,11,Brasil,1
2020,1,Honduras,3
2018,10,Noruega,3
2015,11,República Dominicana,1
2016,6,Honduras,5
2021,2,Honduras,2
2015,1,Eslovenia,1
2015,2,Cuba,2
2019,11,Guatemala,4
2018,8,España,24
2017,6,Israel,17
2018,2,Australia,6
2018,12,Irlanda,1
2018,7,Perú,79
2016,5,Argentina,45
2015,1,Reino Unido,32
2018,10,Aruba,1
2019,1,Nicaragua,1
2017,4,Alemania,33
2016,3,Austria,2
2017,9,Suecia,1
2016,5,Paraguay,3
2017,11,Suiza,23
2017,8,Noruega,1
2021,7,Nicaragua,1
2017,12,Chile,50
2016,6,India,1
2017,9,Perú,53
2015,10,Alemania,16
2018,11,Chile,51
2017,7,Suiza,16
2017,2,Uruguay,1
2020,2,Luxemburgo,4
2015,1,Italia,10
2021,2,Argentina,3
2017,9,Hungría,1
2017,4,Paraguay,1
2015,3,Cuba,11
2019,11,Ecuador,318
2016,1,Japón,2
2015,11,Noruega,4
2016,1,México,12
2018,9,Ecuador,213
2015,4,Ecuador,377
2017,4,Reino Unido,24
2019,1,Australia,4
2017,1,Uruguay,6
2019,10,Argentina,20
2018,6,Ecuador,143
2017,6,Bélgica,6
2021,4,Portugal,1
2019,5,Países Bajos,9
2019,1,Ghana,1
2019,11,Argentina,25
2017,9,China,2
2018,11,Irlanda,2
2016,4,Francia,29
2020,1,Suiza,10
2015,4,Suecia,3
2016,10,Italia,9
2016,8,Noruega,1
2018,5,Reino Unido,20
2016,11,Singapur,2
2016,5,República Dominicana,2
2016,2,Austria,5
2019,1,Eslovenia,1
2020,12,Reino Unido,3
2015,8,Reino Unido,24
2020,12,Nicaragua,1
2015,9,Ecuador,609
2020,10,Canadá,1
2021,5,Canadá,1
2016,3,Grecia,1
2021,8,Francia,3
2016,12,Honduras,3
2015,9,Suecia,2
2018,3,Portugal,3
2018,5,Turquía,1
2019,11,Honduras,4
2016,10,Hungría,1
2017,7,Austria,2
2018,11,Rumania,1
2019,11,Costa Rica,50
2018,7,Rumania,1
2021,7,Israel,5
2015,7,Dinamarca,8
2019,4,Líbano,1
2017,5,Uruguay,4
2015,6,Japón,3
2018,8,Austria,1
2017,11,Austria,1
2018,9,Costa Rica,15
2015,2,Costa Rica,2
2016,1,Paraguay,1
2016,9,Israel,1
2019,9,República Checa,1
2016,1,Suiza,13
2016,3,Sudáfrica,2
2020,3,Brasil,1
2020,12,México,12
2016,6,Australia,9
2019,11,Australia,2
2016,10,Israel,3
2017,5,Irlanda,4
2015,9,Francia,18
2019,3,Cuba,5
2016,1,Alemania,42
2018,10,Suiza,10
2017,3,Portugal,2
2016,7,Polonia,1
2018,1,Canadá,8
2019,12,Ecuador,218
2018,4,Paraguay,4
2019,11,Alemania,21
2019,4,España,27
2016,2,Sudáfrica,3
2015,11,Ecuador,579
2021,6,Argentina,4
2015,9,Turquía,1
2017,10,Eslovaquia,3
2015,8,Guatemala,7
2019,2,Bélgica,7
2019,11,Canadá,5
2017,3,Filipinas,1
2016,11,Paraguay,3
2019,9,Marruecos,1
2019,11,Nicaragua,1
2018,6,Chile,22
2016,12,Canadá,12
2016,12,Australia,4
2018,7,Noruega,2
2018,12,Países Bajos,11
2018,5,Chile,18
2018,10,República Dominicana,3
2020,3,México,5
2018,7,Filipinas,1
2017,9,Turquía,1
2017,8,Georgia,2
2017,7,Chile,21
2016,3,Suiza,4
2019,5,Reino Unido,12
2015,4,Israel,1
2017,12,Australia,14
2020,12,Chile,13
2016,10,Noruega,3
2017,8,Suiza,19
2018,8,Japón,1
2019,10,Noruega,2
2016,10,Francia,24
2017,8,Alemania,37
2019,5,Bahamas,1
2017,8,Costa Rica,5
2017,7,Suecia,6
2021,2,Polonia,1
2017,2,Austria,2
2018,7,Argentina,37
2017,4,China,3
2017,2,Suecia,4
2018,6,China,2
2017,11,Ucrania,1
2017,4,Italia,6
2016,6,Sudáfrica,1
2016,4,Costa Rica,1
2019,12,Finlandia,1
2016,8,Israel,4
2016,10,República Dominicana,1
2016,7,Panamá,5
2018,1,Paraguay,2
2019,3,Alemania,30
2019,11,Japón,1
2018,1,Ghana,1
2020,7,Ecuador,2
2017,6,Países Bajos,13
2018,5,Uruguay,1
2018,3,Israel,1
2017,6,Brasil,52
2018,5,Panamá,2
2018,2,Turquía,2
2018,7,Uruguay,3
2020,2,Bélgica,6
2016,6,Canadá,9
2019,6,Panamá,8
2017,5,Suiza,6
2018,1,Panamá,7
2019,3,Guatemala,2
2016,5,Australia,11
2018,6,Suiza,9
2021,11,Cuba,3
2019,5,Uruguay,2
2016,2,Dinamarca,9
2019,3,Ghana,1
2018,7,Chile,20
2021,8,República Dominicana,1
2015,10,Italia,4
2015,1,Polonia,6
2015,1,Islandia,1
2015,12,Suecia,6
2017,11,Suecia,9
2019,6,República Checa,1
2015,6,Guatemala,6
2020,1,Alemania,34
2017,5,República Dominicana,2
2015,3,Japón,7
2021,12,Canadá,14
2021,11,Bélgica,4
2021,1,México,4
2015,5,Cuba,4
2016,2,Honduras,2
2018,11,Francia,15
2017,12,Finlandia,1
2019,12,Uruguay,4
2017,2,China,5
2016,5,Estonia,2
2019,5,Rumania,1
2017,2,Dinamarca,2
2015,7,Brasil,12
2020,12,Aruba,1
2017,8,Francia,41
2018,10,Portugal,2
2015,6,Portugal,1
2019,2,México,8
2020,1,República Checa,3
2017,5,Guatemala,2
2019,12,Austria,2
2017,1,Países Bajos,19
2017,4,Perú,62
2015,1,Noruega,5
2016,2,Brasil,14
2020,10,Jordania,1
2021,9,México,8
2019,8,Países Bajos,6
2017,12,Japón,7
2018,2,Bélgica,5
2021,4,Italia,1
2020,1,Turquía,2
2019,6,Perú,30
2018,1,Bélgica,5
2019,3,Polonia,3
2017,1,Estonia,1
2021,10,Israel,2
2020,3,Ecuador,97
2021,12,México,39
2015,4,Bélgica,2
2016,12,Grecia,1
2016,2,Costa Rica,2
2018,10,Francia,17
2015,8,Suecia,4
2019,11,México,31
2016,2,Irlanda,3
2017,8,Nicaragua,1
2016,3,República Checa,1
2019,10,Lituania,1
2017,5,Finlandia,2
2018,12,Islandia,2
2017,7,Israel,7
2017,4,India,2
2019,12,República Dominicana,3
2021,9,Perú,9
2017,10,Australia,14
2021,1,Chile,4
2016,4,Estonia,1
2018,2,Francia,46
2018,3,Uruguay,6
2016,5,España,27
2016,6,Perú,150
2019,3,El Salvador,1
2017,2,Australia,9
2017,2,Perú,104
2019,10,Eslovaquia,1
2016,1,Australia,7
2017,3,Costa Rica,4
2017,11,Perú,59
2020,2,Suiza,19
2017,10,Nicaragua,2
2019,5,Filipinas,1
2020,1,Italia,16
2020,2,Canadá,9
2018,4,Rumania,1
2021,3,República Dominicana,3
2019,11,Polonia,1
2016,7,Sudáfrica,2
2015,10,Belice,2
2018,3,Reino Unido,19
2016,12,China,6
2016,4,Perú,67
2018,10,China,3
2018,3,Francia,31
2017,3,Panamá,3
2019,1,República Dominicana,2
2015,12,República Dominicana,3
2020,3,Puerto Rico,1
2019,2,Cuba,3
2021,1,España,10
2019,3,Portugal,1
2018,7,Portugal,5
2018,10,Guatemala,1
2016,3,Bélgica,1
2015,5,Costa Rica,1
2020,1,Noruega,1
2016,6,Irlanda,5
2015,6,República Checa,2
2020,1,Nicaragua,1
2017,11,Filipinas,3
2015,5,Países Bajos,7
2017,7,Australia,15
2016,2,Paraguay,1
2016,6,Argentina,39
2019,9,Portugal,2
2018,11,Suiza,24
2017,11,República Checa,3
2016,6,Rumania,2
2015,9,México,10
2017,7,Italia,13
2018,8,Italia,10
2019,2,Suecia,2
2018,9,México,21
2021,4,Brasil,1
2016,3,Italia,13
2017,12,Guatemala,2
2016,4,Uruguay,4
2019,2,España,13
2015,7,Estonia,1
2016,8,Reino Unido,10
2019,6,Chile,44
2017,11,Uruguay,8
2016,1,Panamá,2
2016,10,Qatar,1
2017,1,Bélgica,4
2017,2,Argentina,32
2019,10,El Salvador,3
2019,12,Honduras,3
2017,7,Estonia,1
2021,10,Bélgica,2
2017,4,México,27
2015,12,Cuba,4
2016,11,Portugal,3
2016,10,Países Bajos,3
2016,3,Israel,1
2016,12,Puerto Rico,2
2016,3,Alemania,32
2015,9,República Dominicana,3
2015,11,Canadá,10
2019,3,Reino Unido,4
2017,2,Canadá,11
2015,3,Irlanda,1
2015,1,Australia,13
2018,5,Ecuador,163
2018,2,Chile,39
2017,11,México,41
2019,7,Antillas Neerlandesas,2
2019,6,Italia,9
2018,8,Polonia,1
2019,8,Ecuador,284
2019,7,México,43
2016,12,Polonia,2
2019,12,Chile,25
2016,11,Yemen,1
2017,1,Ecuador,309
2018,12,China,1
2018,10,Polonia,4
2016,4,España,28
2015,3,Argentina,38
2015,2,Brasil,10
2015,12,Australia,11
2017,11,Chile,36
2018,7,Polonia,2
2018,11,Brasil,12
2016,8,Argentina,38
2015,11,Francia,20
2016,12,México,37
2016,1,Argentina,73
2017,7,Nicaragua,1
2016,11,Costa Rica,1
2019,5,Bélgica,4
2015,11,El Salvador,3
2015,8,Costa Rica,7
2018,12,Hungría,1
2016,4,Panamá,2
2021,11,Ecuador,46
2016,5,Canadá,8
2015,2,Guatemala,1
2017,7,Canadá,6
2020,3,Canadá,8
2015,4,Francia,21
2015,6,Italia,7
2016,11,Guatemala,1
2019,10,España,16
2016,8,Alemania,21
2019,1,Chile,20
2020,2,Japón,1
2021,11,República Dominicana,1
2017,7,Países Bajos,30
2016,7,Noruega,3
2017,7,España,40
2017,6,Honduras,2
2018,1,Filipinas,2
2015,10,Israel,4
2015,12,España,34
2015,10,Paraguay,1
2015,12,Finlandia,2
2017,6,Turquía,1
2018,5,Italia,6
2015,3,Eslovaquia,1
2019,4,Canadá,3
2016,9,Perú,72
2016,7,Perú,248
2018,2,Eslovenia,2
2021,12,Israel,2
2016,2,México,17
2016,3,Canadá,16
2018,1,Finlandia,2
2016,12,Dinamarca,2
2016,12,Yemen,1
2018,1,Cuba,1
2017,3,El Salvador,3
2019,9,España,23
2018,3,México,13
2016,3,Portugal,2
2018,12,Ecuador,173
2017,3,Turquía,3
2015,1,Canadá,10
2017,2,Paraguay,3
2019,6,Argentina,40
2018,7,República Dominicana,2
2015,9,Alemania,14
2018,4,China,2
2016,11,Países Bajos,6
2018,11,El Salvador,1
2016,9,España,21
2015,1,Cuba,2
2017,11,Bélgica,17
2016,11,España,24
2018,7,Francia,35
2016,11,Alemania,18
2020,1,Australia,7
2018,6,Francia,22
2016,6,Uruguay,1
2015,3,Hungría,2
2016,3,Uruguay,1
2018,11,Costa Rica,3
2017,2,Panamá,3
2017,4,Noruega,2
2016,12,Reino Unido,29
2019,1,Irlanda,2
2016,6,Suiza,16
2018,9,Austria,3
2015,4,Cuba,4
2017,5,Honduras,1
2020,9,Ecuador,6
2016,9,Alemania,24
2020,1,Bulgaria,1
2016,3,Ecuador,728
2020,2,República Checa,7
2020,12,Haití,1
2015,4,Singapur,1
2017,9,Panamá,1
2017,8,Guatemala,4
2021,11,Argentina,2
2017,7,China,5
2015,3,Ecuador,270
2016,11,Irlanda,1
2020,1,Polonia,8
2015,5,Israel,5
2019,7,Guatemala,5
2017,10,Grecia,1
2016,9,Panamá,3
2016,8,Paraguay,2
2017,7,Honduras,2
2018,10,Australia,2
2018,9,Australia,11
2015,7,Finlandia,1
2019,6,España,19
2018,5,Paraguay,1
2019,4,Italia,7
2017,5,Filipinas,1
2017,2,Costa Rica,3
2016,7,Francia,42
2017,12,República Dominicana,19
2016,1,Perú,128
2019,2,Túnez,1
2015,11,Suecia,2
2016,1,Honduras,3
2016,1,Países Bajos,13
2018,3,Noruega,4
2017,2,España,30
2015,8,Argentina,45
2018,3,Suiza,13
2019,12,El Salvador,1
2015,7,Polonia,2
2020,9,Guatemala,1
2019,6,Francia,18
2017,2,Honduras,1
2015,7,Países Bajos,11
2018,5,Cuba,1
2020,12,Italia,6
2018,7,El Salvador,2
2017,5,Noruega,4
2019,4,Uruguay,7
2021,8,Chile,8
2018,12,Bélgica,4
2020,1,Eslovaquia,1
2016,10,Cuba,6
2018,4,Uruguay,2
2020,2,Lituania,2
2019,5,Nicaragua,1
2019,8,China,2
2019,4,Australia,2
2015,5,Australia,2
2018,8,Paraguay,1
2017,10,China,1
2018,9,Perú,79
2019,10,Perú,24
2020,2,Países Bajos,3
2018,2,República Checa,1
2018,4,Brasil,13
2017,6,Costa Rica,1
2019,6,Nueva Zelanda,2
2017,8,Corea del Sur,2
2021,8,Estados Unidos,13
2023,4,Países Bajos,2
2016,6,Nueva Zelanda,1
2017,4,Bolivia,5
2019,12,Rusia,2
2021,4,Bolivia,1
2019,9,Organismos internacionales,2
2019,5,Hong Kong,1
2017,1,Taiwán,1
2018,10,Estados Unidos,31
2016,10,Rusia,3
2019,8,Estados Unidos,40
2016,8,Nueva Zelanda,4
2020,2,Nueva Zelanda,3
2016,9,Rusia,3
2020,1,Organismos internacionales,2
2019,4,Bolivia,16
2018,11,Nueva Zelanda,3
2019,7,Estados Unidos,49
2017,11,Corea del Sur,3
2018,11,Rusia,4
2019,7,Rusia,2
2018,10,Palestina,1
2022,7,Corea del Sur,1
2016,3,Bolivia,4
2019,2,Estados Unidos,29
2016,5,Corea del Sur,4
2020,2,Corea del Sur,2
2019,6,Rusia,2
2017,12,Organismos internacionales,2
2017,10,Taiwán,2
2021,5,Estados Unidos,13
2018,3,Organismos internacionales,1
2015,12,Taiwán,1
2015,10,Taiwán,2
2021,12,Bolivia,1
2022,7,Bolivia,1
2016,9,Estados Unidos,61
2017,5,Bolivia,8
2022,3,Estados Unidos,36
2015,1,Taiwán,8
2015,12,Rusia,3
2020,1,Corea del Sur,1
2019,10,Rusia,1
2018,12,Rusia,2
2017,3,Rusia,1
2016,8,Bolivia,5
2019,2,Taiwán,1
2019,3,Bolivia,11
2021,7,Estados Unidos,33
2021,8,Rusia,2
2015,4,Bolivia,3
2017,12,Nueva Zelanda,2
2019,3,Taiwán,1
2022,1,Estados Unidos,50
2019,7,Organismos internacionales,1
2016,3,Estados Unidos,37
2017,8,Rusia,4
2016,6,Estados Unidos,93
2019,12,Hong Kong,1
2016,1,Bolivia,5
2016,2,Rusia,4
2019,10,Bolivia,1
2017,7,Bolivia,3
2018,7,Organismos internacionales,1
2016,12,Bolivia,7
2021,8,Organismos internacionales,1
2017,2,Estados Unidos,45
2017,11,Bolivia,8
2018,1,Corea del Sur,2
2019,3,Corea del Sur,3
2018,12,Estados Unidos,92
2016,11,Organismos internacionales,1
2017,7,Nueva Zelanda,4
2019,1,Estados Unidos,61
2017,7,Corea del Sur,4
2015,7,Bahréin,1
2022,6,Bolivia,1
2021,6,Bolivia,2
2017,5,Rusia,1
2019,5,Bolivia,6
2016,1,Taiwán,3
2019,3,Organismos internacionales,1
2021,3,Palestina,1
2018,2,Corea del Sur,1
2018,12,Organismos internacionales,2
2016,2,Organismos internacionales,1
2020,11,Estados Unidos,10
2017,6,Nueva Zelanda,1
2019,3,Curazao,1
2017,10,Rusia,4
2015,4,Corea del Sur,6
2019,1,Rusia,12
2021,5,Bolivia,1
2022,8,Organismos internacionales,1
2018,9,Estados Unidos,28
2015,2,Taiwán,2
2021,9,Bolivia,3
2022,7,Estados Unidos,71
2017,5,San Cristóbal y Nieves,1
2018,1,Estados Unidos,55
2019,12,Estados Unidos,63
2015,11,Estados Unidos,28
2018,2,Rusia,2
2018,1,Taiwán,3
2018,9,Corea del Sur,1
2018,6,Nueva Zelanda,1
2017,5,Organismos internacionales,1
2018,7,Ruanda,1
2016,12,Corea del Sur,1
2018,2,Bolivia,3
2015,1,Nueva Zelanda,1
2018,3,Rusia,1
2019,1,Bolivia,6
2016,11,Bolivia,4
2018,8,Nueva Zelanda,1
2022,3,Surinam,1
2020,1,Estados Unidos,47
2017,7,Estados Unidos,117
2017,10,Nueva Zelanda,4
2018,11,Estados Unidos,32
2015,6,Rusia,3
2017,5,Corea del Sur,6
2016,2,Bolivia,7
2022,5,Estados Unidos,47
2015,10,Corea del Sur,2
2019,5,Estados Unidos,33
2018,4,Corea del Sur,3
2019,11,Rusia,1
2015,5,Corea del Sur,4
2019,3,Estados Unidos,32
2019,2,Bolivia,5
2015,12,Bolivia,12
2015,8,Bolivia,5
2021,4,Estados Unidos,13
2018,8,Bolivia,18
2022,5,Nueva Zelanda,3
2015,5,Rusia,1
2022,5,Rusia,1
2016,10,Corea del Sur,3
2015,2,Estados Unidos,33
2018,5,Taiwán,2
2017,3,Taiwán,1
2015,9,Nueva Zelanda,2
2016,3,Taiwán,2
2015,10,Bolivia,9
2017,1,Nueva Zelanda,7
2022,7,Curazao,1
2015,11,Surinam,1
2018,12,Bolivia,7
2015,8,Estados Unidos,52
2020,7,Estados Unidos,1
2017,9,Nueva Zelanda,4
2018,7,Trinidad y Tobago,1
2015,7,Rusia,4
2018,3,Corea del Sur,1
2017,3,Estados Unidos,40
2018,10,Organismos internacionales,2
2015,6,Bolivia,11
2019,12,Nueva Zelanda,1
2022,2,Estados Unidos,32
2015,3,Nueva Zelanda,4
2015,11,Bolivia,3
2015,5,Nueva Zelanda,1
2015,9,Taiwán,1
2021,6,Estados Unidos,24
2019,1,Benín,1
2018,11,Corea del Sur,3
2016,2,Corea del Sur,2
2016,7,Nueva Zelanda,4
2017,6,Estados Unidos,75
2018,8,Ruanda,1
2020,1,Nueva Zelanda,1
2015,11,Corea del Sur,6
2019,10,Nueva Zelanda,2
2019,12,Bolivia,5
2022,4,Rusia,4
2019,9,Nueva Zelanda,3
2015,2,Bolivia,4
2018,10,Corea del Sur,3
2017,9,Rusia,1
2015,5,Bolivia,6
2017,7,Taiwán,5
2021,12,Rusia,1
2018,12,Nueva Zelanda,4
2018,4,Bolivia,22
2017,4,Nueva Zelanda,2
2017,12,Estados Unidos,80
2017,4,Hong Kong,1
2016,11,Nueva Zelanda,3
2015,2,Nueva Zelanda,4
2022,4,Bolivia,4
2019,11,Organismos internacionales,2
2015,2,Rusia,4
2018,8,Estados Unidos,35
2019,4,Ruanda,1
2019,8,Curazao,1
2019,11,Corea del Sur,1
2020,10,Estados Unidos,3
2018,8,Taiwán,1
2017,6,Bolivia,7
2018,1,Organismos internacionales,2
2016,1,Estados Unidos,51
2019,12,Taiwán,1
2015,6,Bahréin,1
2015,9,Corea del Sur,1
2019,9,Estados Unidos,26
2017,8,Taiwán,1
2022,1,Rusia,1
2019,11,Nueva Zelanda,1
2018,6,Estados Unidos,57
2016,6,Kazajistán,1
2021,6,Organismos internacionales,1
2018,9,Kazajistán,1
2018,1,Nueva Zelanda,4
2019,4,Estados Unidos,56
2015,3,Rusia,3
2017,12,Corea del Sur,1
2018,8,Organismos internacionales,2
2020,12,Irán,1
2016,8,Estados Unidos,48
2022,2,Bolivia,3
2016,9,Palestina,1
2017,4,Estados Unidos,61
2019,6,Bolivia,3
2018,5,Rusia,1
2017,12,Rusia,5
2015,9,Estados Unidos,29
2019,2,Corea del Sur,1
2019,9,República Democratica del Congo,1
2015,7,Corea del Sur,3
2016,10,Estados Unidos,27
2018,2,Taiwán,1
2020,3,Estados Unidos,19
2015,9,Rusia,2
2020,2,Estados Unidos,56
2018,9,Bolivia,5
2016,6,Corea del Sur,2
2020,1,Rusia,4
2018,5,Nueva Zelanda,2
2020,9,Estados Unidos,4
2022,9,Estados Unidos,34
2016,5,Nueva Zelanda,3
2017,2,Nueva Zelanda,2
2019,9,Bolivia,1
2021,3,Estados Unidos,13
2016,8,Corea del Sur,1
2018,1,Rusia,8
2019,5,Corea del Sur,3
2017,2,Corea del Sur,3
2015,10,Rusia,1
2015,8,Nueva Zelanda,1
2020,2,Moldavia,1
2019,2,Kazajistán,1
2016,5,Estados Unidos,41
2022,6,Estados Unidos,56
2023,4,Corea del Sur,3
2016,2,Nueva Zelanda,1
2019,4,Rusia,2
2016,9,Taiwán,1
2016,6,Bolivia,6
2018,12,Vietnam,1
2020,1,Taiwán,1
2015,6,Palestina,1
2018,12,Corea del Sur,2
2017,1,Corea del Sur,1
2016,11,Rusia,2
2018,11,Bolivia,2
2021,10,Estados Unidos,15
2022,3,Hong Kong,1
2017,6,Rusia,2
2017,10,Bolivia,7
2021,9,Estados Unidos,14
2019,7,Nueva Zelanda,4
2018,7,Nueva Zelanda,2
2015,9,Organismos internacionales,1
2017,10,Estados Unidos,60
2016,9,Corea del Sur,1
2017,9,Hong Kong,1
2022,3,Bolivia,2
2017,3,Nueva Zelanda,1
2023,2,El Salvador,2
2016,4,Corea del Sur,7
2018,7,Estados Unidos,35
2016,2,Estados Unidos,34
2019,8,Organismos internacionales,1
2018,2,Hong Kong,2
2018,2,Nueva Zelanda,2
2017,10,Organismos internacionales,1
2017,12,Irán,1
2019,8,Rusia,2
2019,5,Organismos internacionales,2
2015,6,Nueva Zelanda,4
2017,11,Taiwán,1
2017,9,Estados Unidos,29
2018,10,Bolivia,4
2017,2,Bolivia,8
2019,6,Corea del Sur,3
2016,11,Estados Unidos,27
2018,6,Corea del Sur,5
2019,10,Estados Unidos,30
2015,11,Nueva Zelanda,3
2019,4,Nueva Zelanda,2
2017,11,Estados Unidos,38
2017,6,Corea del Sur,2
2022,2,Nueva Zelanda,1
2018,8,Corea del Sur,1
2015,7,Estados Unidos,68
2019,8,Bolivia,4
2022,9,Bolivia,2
2016,8,Rusia,4
2022,5,Bolivia,8
2018,11,Ruanda,1
2016,1,Corea del Sur,4
2016,10,Nueva Zelanda,2
2019,2,República Democratica del Congo,1
2016,4,Bolivia,5
2018,3,Bolivia,2
2021,2,Organismos internacionales,1
2015,12,Estados Unidos,71
2018,3,Hong Kong,1
2016,4,Estados Unidos,42
2015,10,Nueva Zelanda,2
2017,1,Estados Unidos,81
2017,3,Palestina,1
2021,1,Estados Unidos,15
2018,5,Bolivia,10
2015,1,Estados Unidos,73
2018,3,Nueva Zelanda,2
2021,10,Organismos internacionales,1
2016,5,Bolivia,8
2020,3,Bolivia,11
2021,10,Bolivia,2
2022,5,Uganda,1
2021,4,Organismos internacionales,1
2016,7,Estados Unidos,69
2018,5,Corea del Sur,1
2018,6,Rusia,1
2016,9,Bolivia,3
2016,12,Estados Unidos,62
2017,1,Rusia,2
2018,10,Nueva Zelanda,2
2015,4,Rusia,2
2016,10,Bolivia,7
2015,4,Estados Unidos,37
2020,1,Bolivia,4
2018,6,Taiwán,2
2018,2,Estados Unidos,55
2017,8,Bolivia,6
2015,6,Estados Unidos,55
2015,4,Organismos internacionales,2
2016,12,Nueva Zelanda,6
2020,2,Organismos internacionales,1
2019,7,Taiwán,1
2015,5,Estados Unidos,28
2017,8,Nueva Zelanda,7
2019,2,Organismos internacionales,1
2017,12,Bolivia,11
2022,8,Estados Unidos,38
2015,10,Estados Unidos,29
2016,6,Rusia,2
2021,3,Bolivia,1
2019,11,Estados Unidos,40
2017,5,Estados Unidos,57
2020,12,Bolivia,1
2015,3,Estados Unidos,40
2017,1,Bolivia,6
2018,1,Bolivia,8
2022,4,Estados Unidos,21
2017,3,Bolivia,4
2018,7,Hong Kong,1
2016,7,Bolivia,3
2015,1,Rusia,2
2015,12,Nueva Zelanda,2
2015,1,Bolivia,3
2015,8,Taiwán,2
2021,1,Bolivia,3
2021,11,Estados Unidos,30
2015,11,Rusia,3
2017,11,Nueva Zelanda,4
2016,12,Rusia,3
2017,5,Nueva Zelanda,3
2015,7,Bolivia,1
2016,8,Organismos internacionales,1
2016,3,Hong Kong,1
2018,7,Bolivia,2
2019,2,Ruanda,1
2017,8,Estados Unidos,61
2016,1,Rusia,6
2015,1,Corea del Sur,1
2016,7,Corea del Sur,5
2018,3,Estados Unidos,41
2019,1,Corea del Sur,3
2021,2,Estados Unidos,15
2022,6,Honduras,1
2022,7,Rusia,1
2016,5,Rusia,2
2015,8,Organismos internacionales,2
2021,2,Bolivia,1
2017,9,Bolivia,7
2019,2,Rusia,3
2017,12,Hong Kong,1
2018,5,Estados Unidos,43
2019,6,Organismos internacionales,2
2017,2,Rusia,3
2017,11,Rusia,1
2015,6,Corea del Sur,1
2015,5,Siria,1
2019,7,Bolivia,4
2016,7,Taiwán,2
2017,9,Corea del Sur,1
2017,7,Rusia,2
2021,11,Rusia,1
2018,6,Bolivia,7
2018,11,Organismos internacionales,1
2016,4,Rusia,2
2021,12,Estados Unidos,92
2023,4,Japón,1
2019,6,Estados Unidos,51
2020,12,Estados Unidos,31
2020,2,Rusia,6
2017,10,Corea del Sur,2
2018,4,Estados Unidos,30
2018,9,Nueva Zelanda,3
2020,11,Palestina,1
2018,10,Taiwán,1
2015,9,Bolivia,4
2022,2,Rusia,1
2018,7,Corea del Sur,4
2016,9,Nueva Zelanda,4
2019,1,Nueva Zelanda,4
2019,11,Bolivia,2
2022,3,Portugal,1
2022,8,Bélgica,1
2022,4,Israel,1
2022,6,Portugal,1
2022,7,Finlandia,1
2022,1,Uganda,1
2022,1,Honduras,1
2022,9,Líbano,1
2022,9,República Dominicana,1
2022,8,República Checa,1
2022,9,Japón,1
2022,5,El Salvador,1
2022,6,El Salvador,1
2022,2,Israel,1
2022,1,Portugal,1
2022,2,Turquía,1
2022,3,Eslovenia,1
2022,6,Uruguay,1
2022,5,Cuba,1
2022,1,Finlandia,1
2022,7,Albania,1
2022,1,El Salvador,1
2022,5,Rumania,1
2022,2,República Checa,1
2022,6,Argelia,1
2022,7,Suecia,1
2022,4,Suecia,1
2022,5,República Checa,1
2022,3,Puerto Rico,1
2022,9,Singapur,1
2022,4,Austria,1
2022,3,Israel,1
2022,3,Irlanda,1
2022,8,Eslovenia,1
2022,6,Guatemala,1
2022,5,Austria,1
2022,5,Egipto,1
2022,6,Jordania,1
2022,6,Camerún,1
2022,7,Filipinas,1
2022,4,Turquía,1
2022,7,Ucrania,1
2022,6,Italia,1
2022,5,Costa Rica,1
2022,1,Dinamarca,1
2022,3,Honduras,1
2022,3,Albania,1
2022,3,Marruecos,1
2022,3,Japón,1
2022,8,Singapur,1
2022,8,Argelia,1
2022,6,Filipinas,1
2022,1,Guyana,1
2022,6,Cuba,1
2022,9,Puerto Rico,1
2022,5,Ucrania,1
2022,3,Polonia,1
2022,3,Noruega,1
2022,2,Noruega,1
2022,2,Japón,1
2022,4,Finlandia,1
2022,1,Nicaragua,1
2022,5,Camerún,1
2022,9,Indonesia,1
2022,3,Turquía,1
2022,4,Montenegro,1
2022,9,Cuba,1
2022,3,El Salvador,1
2022,2,Suecia,1
2022,8,Honduras,1
2022,9,Polonia,1
2022,9,Austria,1
2022,4,Rumania,1
2022,7,Uruguay,1
2022,4,Países Bajos,1
2022,9,Liechtenstein,1
2022,5,República Dominicana,1
2022,3,República Checa,1
2022,8,Paraguay,1
2023,4,Polonia,1
2022,1,México,10
2022,1,Suiza,7
2022,5,Italia,3
2022,1,Panamá,3
2022,2,Suiza,3
2022,2,Canadá,4
2022,6,México,14
2022,5,India,2
2022,2,Reino Unido,5
2022,5,Canadá,2
2022,6,Israel,2
2022,7,Alemania,11
2022,6,Alemania,11
2022,4,Reino Unido,8
2022,9,Paraguay,2
2022,6,Reino Unido,9
2022,1,República Checa,2
2022,7,Italia,6
2022,7,El Salvador,2
2022,3,Uruguay,3
2022,8,Argentina,8
2022,2,Países Bajos,6
2022,4,Costa Rica,3
2022,8,El Salvador,2
2022,1,República Dominicana,2
2022,3,Perú,13
2022,6,Canadá,6
2022,5,Suecia,2
2022,4,Brasil,17
2022,5,Suiza,2
2022,2,Alemania,7
2022,4,China,2
2022,1,Australia,2
2022,9,México,21
2022,1,Argentina,4
2022,5,Nicaragua,2
2022,7,Australia,3
2022,5,México,11
2022,7,Noruega,3
2022,4,El Salvador,2
2022,9,Irlanda,2
2022,5,Portugal,2
2022,1,Perú,14
2022,9,Panamá,4
2022,8,Reino Unido,9
2022,8,Canadá,7
2022,9,Italia,11
2022,4,Chile,11
2022,7,Bélgica,8
2022,9,España,25
2022,7,Chile,21
2023,5,Australia,5
2022,8,Austria,5
2022,8,Suiza,6
2022,1,Bélgica,5
2022,2,Francia,16
2022,1,Francia,10
2022,8,Francia,19
2022,3,España,11
2022,5,Uruguay,9
2022,8,República Dominicana,2
2022,6,Suiza,7
2022,3,Argentina,5
2022,8,Puerto Rico,2
2022,4,Argentina,6
2022,1,Paraguay,2
2022,7,Canadá,7
2022,5,Argentina,4
2022,4,México,17
2022,5,Marruecos,2
2022,4,Perú,19
2022,7,Argentina,15
2022,4,Dinamarca,2
2023,4,Brasil,13
2022,9,Suiza,6
2022,3,Canadá,4
2022,8,Italia,20
2022,1,Italia,7
2022,4,Polonia,3
2022,9,Argentina,14
2022,4,Panamá,2
2022,5,Francia,6
2022,1,Cuba,3
2022,7,República Dominicana,5
2023,4,Suiza,9
2022,2,México,11
2022,8,México,15
2022,2,Polonia,4
2022,1,Brasil,10
2022,5,España,9
2022,8,Dinamarca,6
2022,4,Francia,16
2022,9,Reino Unido,13
2022,2,República Dominicana,3
2022,9,Australia,3
2022,3,Países Bajos,6
2022,9,Honduras,2
2022,3,Italia,5
2022,1,España,20
2022,6,Argentina,14
2022,6,Australia,5
2022,1,Austria,3
2022,4,Ecuador,316
2022,9,Guatemala,2
2022,9,Uruguay,2
2022,7,Suiza,16
2023,4,Trinidad y Tobago,1
2022,4,Canadá,8
2022,9,Costa Rica,5
2022,7,Cuba,2
2022,3,Suiza,4
2022,8,España,28
2022,5,Perú,15
2022,9,Suecia,4
2022,4,España,16
2022,3,Alemania,17
2022,3,República Dominicana,8
2022,7,México,13
2022,9,Chile,11
2022,3,Francia,4
2022,3,México,20
2022,8,Panamá,2
2023,4,Taiwán,1
2022,8,Irlanda,6
2022,2,Brasil,2
2022,7,Panamá,9
2022,4,Suiza,5
2022,7,Reino Unido,7
2022,1,Reino Unido,7
2022,7,Perú,23
2022,7,Brasil,5
2022,9,Finlandia,2
2022,6,Suecia,2
2022,4,Ucrania,3
2022,7,España,36
2022,6,Dinamarca,3
2022,9,Perú,20
2022,2,Italia,5
2022,1,Uruguay,3
2022,8,Brasil,4
2022,4,República Checa,2
2022,1,Canadá,2
2022,7,Costa Rica,39
2022,6,España,19
2022,9,Brasil,12
2022,8,Guatemala,2
2022,2,Bélgica,2
2022,3,Australia,6
2022,5,Chile,2
2022,4,Uruguay,2
2022,7,Polonia,2
2022,5,Países Bajos,3
2022,1,Guatemala,13
2022,3,Panamá,2
2022,6,República Dominicana,2
2022,9,Noruega,7
2022,6,Perú,8
2022,9,Francia,9
2022,8,Chile,6
2022,4,República Dominicana,2
2022,7,Países Bajos,25
2022,4,Guatemala,6
2022,6,Francia,2
2022,4,Italia,6
2022,2,Chile,8
2022,6,Brasil,12
2022,8,Turquía,2
2022,6,Bélgica,2
2022,9,Alemania,23
2022,1,Alemania,10
2022,5,Reino Unido,8
2022,7,Marruecos,3
2022,5,Alemania,10
2022,3,Brasil,5
2022,5,Brasil,7
2022,5,Israel,3
2022,6,Costa Rica,4
2022,2,España,10
2022,1,Países Bajos,4
2022,7,Francia,19
2022,4,Cuba,2
2022,2,Argentina,3
2022,7,Guatemala,11
2022,3,Ecuador,187
2022,8,Uruguay,6
2022,2,Perú,10
2022,4,Alemania,17
2022,3,Reino Unido,5
2022,8,Países Bajos,4
2022,8,Australia,5
2022,5,Bélgica,6
2022,3,Bélgica,2
2022,4,Bélgica,3
2022,6,Japón,2
2022,7,Portugal,3
2022,9,Países Bajos,5
2022,3,Costa Rica,14
2022,2,Cuba,4
2022,6,China,3
2022,3,Chile,9
2022,9,Canadá,3
2022,6,Panamá,13
2022,6,Países Bajos,9
2022,10,República Dominicana,1
2022,10,Estados Unidos,38
2022,10,Austria,1
2022,10,Panamá,3
2022,10,Suiza,4
2022,10,Portugal,1
2022,10,Nueva Zelanda,2
2022,10,Filipinas,1
2022,10,Rusia,2
2022,10,Cuba,1
2022,10,Costa Rica,6
2022,10,Perú,50
2022,10,Guatemala,2
2022,10,Canadá,5
2022,10,Bélgica,4
2022,10,Hungría,1
2022,10,Israel,1
2022,10,Australia,2
2022,10,Bolivia,2
2023,4,Canadá,10
2022,10,Brasil,13
2022,10,Turquía,1
2022,10,Uruguay,1
2022,10,Alemania,14
2022,10,Argentina,13
2022,10,China,3
2022,10,Países Bajos,4
2022,10,Chile,9
2022,10,Finlandia,2
2022,10,México,66
2022,10,Dinamarca,1
2022,10,Eslovenia,3
2022,10,Marruecos,1
2022,10,Italia,5
2022,10,España,20
2022,11,Reino Unido,16
2022,11,Australia,4
2022,11,Estados Unidos,33
2022,11,Filipinas,3
2022,11,Italia,2
2022,11,Chile,17
2022,11,Noruega,1
2022,11,Marruecos,1
2022,11,Nueva Zelanda,2
2022,11,España,18
2022,11,Rusia,2
2022,11,Brasil,10
2022,11,Cuba,1
2022,11,Países Bajos,1
2022,11,Turquía,2
2022,11,Costa Rica,4
2022,11,Trinidad y Tobago,1
2022,11,Paraguay,1
2022,11,República Checa,1
2022,11,Francia,15
2022,11,Argentina,8
2022,11,Uruguay,4
2022,11,Rumania,2
2022,11,Bolivia,13
2022,11,Guatemala,2
2022,11,Portugal,6
2022,11,Polonia,1
2022,11,Suiza,6
2022,11,Irlanda,5
2022,11,China,2
2022,11,Austria,3
2022,11,Yemen,1
2022,11,Panamá,1
2022,11,México,31
2022,11,Alemania,22
2022,11,República Dominicana,4
2022,11,Aruba,1
2022,11,El Salvador,2
2023,4,Perú,17
2022,12,República Dominicana,9
2022,12,India,3
2022,12,Organismos internacionales,1
2022,12,Guyana,1
2022,12,Bolivia,4
2022,12,Irlanda,7
2022,12,Reino Unido,19
2022,12,España,32
2022,12,Perú,31
2022,12,Chile,37
2022,12,Países Bajos,7
2022,12,Ucrania,1
2022,12,México,66
2022,12,Israel,3
2022,12,Alemania,31
2022,12,Argentina,22
2022,12,Panamá,5
2022,12,Costa Rica,6
2022,12,Polonia,1
2022,12,Austria,5
2022,12,Uruguay,4
2022,12,Brasil,14
2022,12,Cuba,2
2022,12,Nicaragua,1
2022,12,Rumania,1
2022,12,Portugal,2
2022,12,Francia,17
2022,12,El Salvador,3
2022,12,Turquía,1
2022,12,Estados Unidos,113
2022,12,Guatemala,2
2022,12,Finlandia,1
2022,12,República Checa,1
2022,12,Yemen,1
2022,12,Hungría,1
2022,12,Japón,2
2022,12,Noruega,1
2022,12,Marruecos,1
2022,12,Suecia,6
2022,12,Corea del Sur,2
2022,12,Bulgaria,1
2022,12,Suiza,11
2022,12,Nueva Zelanda,2
2022,12,Australia,7
2022,12,Rusia,2
2022,12,Bélgica,9
2023,4,Alemania,18
2023,1,Costa Rica,7
2023,1,Nueva Zelanda,1
2023,1,Ecuador,260
2023,1,Japón,2
2023,1,Argelia,1
2023,1,República Dominicana,4
2023,1,Italia,13
2023,1,Francia,35
2023,1,Letonia,1
2023,1,Israel,1
2023,1,Polonia,6
2023,1,Honduras,1
2023,1,Indonesia,1
2023,1,Portugal,4
2023,1,Suiza,9
2023,1,Guatemala,3
2023,1,Países Bajos,10
2023,1,Canadá,13
2023,1,Australia,3
2023,1,Bélgica,5
2023,1,Argentina,32
2023,1,China,1
2023,1,El Salvador,3
2023,1,Chile,25
2023,1,Panamá,1
2023,1,Ucrania,1
2023,1,Suecia,5
2023,1,México,41
2023,1,Aruba,1
2023,1,Rusia,1
2023,1,Rumania,2
2023,1,Estados Unidos,65
2023,1,Austria,4
2023,1,Uruguay,3
2023,1,Reino Unido,10
2023,1,Brasil,17
2023,1,Alemania,41
2023,1,Turquía,1
2023,1,Marruecos,1
2023,1,Noruega,3
2023,1,España,27
2024,1,El Salvador,6
2024,1,México,42
2024,1,Grecia,1
2022,5,Ecuador,235
2024,1,Perú,55
2024,1,Uruguay,1
2024,1,Ecuador,163
2024,1,Chile,19
2024,1,Austria,4
2024,1,Azerbaiyán,2
2024,1,Paraguay,1
2024,1,Guatemala,3
2024,1,Costa Rica,5
2024,1,Italia,5
2024,1,Bélgica,5
2024,1,Alemania,20
2023,2,Portugal,1
2023,2,Palestina,1
2023,2,Taiwán,1
2023,2,Chile,13
2023,2,Guatemala,3
2023,2,Noruega,2
2023,2,Cuba,1
2023,2,China,1
2023,2,Argentina,10
2023,2,Panamá,3
2023,2,República Checa,2
2023,2,México,27
2023,2,Canadá,12
2023,2,España,17
2023,2,Austria,1
2023,2,Letonia,1
2023,2,Dinamarca,4
2023,2,Nicaragua,1
2023,2,Ecuador,336
2023,2,Polonia,5
2023,2,Costa Rica,2
2023,2,Francia,24
2023,2,Suecia,1
2023,2,Perú,69
2023,2,Bélgica,6
2023,2,Rusia,1
2023,2,Italia,17
2023,2,Países Bajos,7
2023,2,Irlanda,1
2023,2,Corea del Sur,1
2023,2,Rumania,2
2023,2,Bolivia,4
2023,2,India,2
2023,2,Filipinas,1
2023,2,Estados Unidos,65
2023,2,Australia,4
2023,2,Israel,1
2023,2,Brasil,8
2023,2,Reino Unido,11
2023,2,Turquía,1
2023,2,Suiza,8
2023,2,Alemania,42
2023,3,Rumania,1
2023,3,Ecuador,428
2023,3,Bélgica,1
2023,3,Irlanda,2
2023,3,República Checa,1
2023,3,Austria,2
2023,3,Italia,4
2023,3,Países Bajos,12
2023,3,Australia,1
2023,3,Francia,27
2023,3,Perú,22
2023,3,Portugal,1
2023,3,Brasil,16
2023,3,Hungría,1
2023,3,Israel,1
2023,3,Guatemala,1
2023,3,Honduras,1
2023,3,Paraguay,1
2023,3,Uruguay,2
2023,3,Nicaragua,1
2023,3,Rusia,1
2023,3,Lituania,1
2023,3,Organismos internacionales,1
2023,3,Panamá,7
2023,3,México,34
2023,3,Luxemburgo,2
2023,3,Suiza,6
2023,3,China,10
2023,3,El Salvador,1
2023,3,República Dominicana,3
2023,3,Noruega,4
2023,3,Reino Unido,29
2023,3,Costa Rica,2
2023,3,Corea del Sur,1
2023,3,Argentina,30
2023,3,Estados Unidos,36
2023,3,Bolivia,1
2023,3,Canadá,12
2023,4,Italia,13
2023,4,Chile,12
2023,4,Bolivia,12
2023,4,Dinamarca,5
2023,4,Luxemburgo,1
2023,4,Cuba,1
2023,4,Suecia,1
2023,4,Guatemala,4
2023,4,Costa Rica,5
2023,4,Argentina,12
2023,4,Turquía,1
2023,4,México,34
2023,4,China,1
2023,4,Nueva Zelanda,1
2023,4,Honduras,4
2023,4,Bélgica,3
2023,4,Panamá,8
2023,4,España,17
2023,4,República Dominicana,2
2023,4,Ecuador,328
2023,4,Francia,32
2023,4,Portugal,1
2023,4,Reino Unido,10
2023,4,Estados Unidos,37
2023,4,Uruguay,2
2023,5,Brasil,7
2023,5,Perú,24
2023,5,Ecuador,228
2023,5,China,2
2023,5,Panamá,3
2023,5,Reino Unido,5
2023,5,Nicaragua,2
2023,5,Francia,17
2023,5,Bélgica,1
2023,5,República Checa,1
2023,5,Países Bajos,8
2023,5,Chipre,1
2023,5,Chile,8
2023,5,El Salvador,2
2023,5,Argentina,29
2023,5,Costa Rica,2
2023,5,Honduras,1
2023,5,Austria,1
2023,5,República Dominicana,2
2023,5,Paraguay,2
2023,5,Canadá,3
2023,5,Irlanda,2
2023,5,Bolivia,1
2023,5,Portugal,1
2023,5,Polonia,1
2023,5,Sudáfrica,2
2023,5,Estados Unidos,55
2023,5,Uruguay,2
2023,5,España,22
2023,5,Italia,8
2023,5,Suiza,6
2023,5,México,26
2023,5,Israel,2
2023,5,Japón,2
2023,5,Corea del Sur,1
2023,5,Malta,1
2023,5,Cuba,2
2023,5,Alemania,20
2023,5,Organismos internacionales,1
2023,5,Guatemala,5
2023,1,Perú,74
2023,7,Líbano,1
2023,7,Dinamarca,5
2023,7,Costa Rica,4
2023,7,Austria,2
2023,7,Egipto,1
2023,7,Letonia,1
2023,7,Brasil,14
2023,7,Hong Kong,2
2023,7,El Salvador,4
2023,7,Corea del Sur,5
2023,7,Países Bajos,8
2023,7,Guatemala,5
2023,7,Argentina,16
2023,7,Suiza,4
2023,7,Estados Unidos,83
2023,7,Panamá,10
2023,7,Hungría,1
2023,7,Turquía,1
2023,7,Australia,2
2023,7,Polonia,2
2023,7,México,40
2023,7,Israel,2
2023,7,Irlanda,2
2023,7,República Checa,1
2023,7,Uruguay,2
2023,7,Bolivia,1
2023,7,República Dominicana,3
2023,7,Italia,9
2023,7,Reino Unido,11
2023,7,Suecia,2
2023,7,Perú,30
2023,7,Chile,17
2023,7,Alemania,25
2023,7,España,24
2023,7,Noruega,1
2023,7,Francia,28
2023,7,Honduras,7
2023,7,Lituania,1
2023,7,Venezuela,71
2023,7,Puerto Rico,1
2023,7,Bélgica,7
2023,7,Antillas Neerlandesas,1
2023,7,Canadá,13
2024,1,Venezuela,55
2024,1,India,1
2024,1,Irlanda,1
2023,11,China,1
2024,1,Japón,1
2024,1,Panamá,7
2024,1,Francia,24
2024,1,Kazajistán,1
2024,1,Ucrania,1
2024,1,China,1
2024,1,Países Bajos,5
2024,1,Estados Unidos,63
2024,1,España,22
2024,1,Eslovaquia,3
2024,1,Polonia,1
2024,1,Corea del Sur,1
2024,1,Noruega,3
2024,1,República Dominicana,9
2024,1,Puerto Rico,1
2024,1,Canadá,11
2024,1,Argentina,26
2024,1,Honduras,3
2024,1,Organismos internacionales,1
2024,1,Brasil,11
2024,1,Finlandia,2
2024,1,Taiwán,1
2024,1,Suiza,9
2024,1,Bolivia,6
2024,1,Australia,6
2024,1,Cuba,1
2024,1,Suecia,1
2024,1,Turquía,1
2024,1,Dinamarca,1
2024,1,Argelia,1
2024,1,Reino Unido,7
2024,2,Azerbaiyán,1
2024,2,España,17
2024,2,Francia,7
2023,9,Suecia,1
2023,9,Uruguay,1
2023,9,Portugal,1
2023,8,Hungría,1
2023,8,Suiza,5
2023,9,Paraguay,1
2023,9,Alemania,1
2023,8,Israel,1
2023,9,República Dominicana,1
2023,8,Países Bajos,4
2023,9,Canadá,1
2023,9,Reino Unido,3
2023,8,Japón,1
2023,8,Portugal,1
2023,8,Rusia,4
2023,9,Puerto Rico,1
2023,9,Turquía,2
2023,8,Rumania,1
2023,5,Venezuela,71
2021,9,Venezuela,20
2021,1,Venezuela,5
2022,7,Venezuela,45
2022,11,Venezuela,92
2022,2,Venezuela,42
2020,11,Venezuela,3
2020,12,Venezuela,2
2024,2,Reino Unido,3
2021,6,Venezuela,11
2020,2,Venezuela,150
2021,11,Venezuela,28
2021,4,Venezuela,3
2021,8,Venezuela,36
2022,6,Venezuela,33
2023,3,Venezuela,93
2021,7,Venezuela,20
2022,10,Venezuela,68
2021,10,Venezuela,28
2022,3,Venezuela,50
2021,12,Venezuela,52
2021,3,Venezuela,2
2020,3,Venezuela,38
2022,5,Venezuela,79
2023,2,Venezuela,142
2022,8,Venezuela,102
2023,1,Venezuela,137
2020,1,Venezuela,"1,334"
2021,2,Venezuela,3
2023,4,Venezuela,98
2022,4,Venezuela,66
2021,5,Venezuela,1
2022,9,Venezuela,81
2023,6,Suecia,2
2023,6,Luxemburgo,1
2023,6,Bolivia,9
2023,6,Uruguay,4
2023,6,Noruega,4
2023,6,Brasil,12
2023,6,Australia,7
2023,6,México,12
2023,6,Paraguay,1
2023,6,Italia,5
2023,6,Chile,16
2023,6,Guatemala,4
2023,6,España,27
2023,6,Indonesia,1
2023,6,Ecuador,188
2023,6,Filipinas,1
2023,6,Japón,2
2023,6,Polonia,3
2023,6,Alemania,7
2023,6,Austria,2
2023,6,Venezuela,94
2023,6,Rusia,1
2023,6,Francia,19
2023,6,Argentina,23
2023,6,Bélgica,4
2023,6,Egipto,1
2023,6,Liechtenstein,1
2023,6,Panamá,5
2023,6,Sudáfrica,2
2023,6,Irlanda,3
2023,6,Ucrania,1
2023,6,Estados Unidos,72
2023,6,Suiza,6
2023,6,China,3
2023,6,Reino Unido,9
2023,6,Perú,26
2023,6,República Dominicana,8
2023,6,Puerto Rico,1
2023,6,Costa Rica,2
2023,6,El Salvador,4
2023,6,Nueva Zelanda,4
2023,6,Canadá,6
2022,8,Perú,26
2022,7,Honduras,3
2022,10,Francia,10
2023,10,Filipinas,1
2022,6,Chile,19
2023,10,Suiza,2
2022,8,Ecuador,627
2022,6,Ecuador,184
2022,1,Ecuador,139
2022,12,Venezuela,161
2023,10,Portugal,1
2023,10,Hungría,2
2022,11,Ecuador,389
2022,2,Ecuador,212
2022,7,Ecuador,343
2022,11,Canadá,7
2023,10,Reino Unido,1
2022,12,Italia,16
2023,10,Uruguay,1
2022,8,Alemania,18
2022,11,Perú,25
2023,10,Rusia,1
2022,10,Ecuador,336
2022,1,Venezuela,53
2022,12,Ecuador,292
2022,1,Chile,18
2023,10,Australia,1
2022,9,Ecuador,266
2024,2,Alemania,14
2024,2,Suiza,9
2023,11,Alemania,14
2023,11,Cuba,1
2023,11,Australia,3
2023,11,Polonia,1
2023,11,Finlandia,3
2023,11,Suecia,5
2023,11,Grecia,2
2023,11,Países Bajos,1
2023,11,Bulgaria,1
2023,11,Chile,13
2023,11,Austria,2
2023,11,Rusia,2
2023,11,Perú,26
2023,11,España,25
2023,11,Suiza,9
2023,11,Bolivia,1
2023,11,Argentina,12
2023,11,Indonesia,1
2023,11,República Dominicana,9
2023,11,Organismos internacionales,1
2023,11,Noruega,2
2023,11,Reino Unido,4
2023,11,México,43
2023,11,Corea del Sur,3
2023,11,Paraguay,1
2023,11,Ecuador,255
2023,11,Costa Rica,4
2023,11,Uruguay,1
2023,11,Brasil,15
2023,11,Guatemala,3
2023,11,Venezuela,87
2023,11,Honduras,2
2023,11,Estados Unidos,44
2023,11,El Salvador,4
2023,11,Canadá,15
2023,11,Camerún,1
2023,11,Aruba,1
2023,11,Italia,7
2023,11,Francia,5
2023,12,Italia,8
2023,12,Alemania,33
2023,12,Nueva Zelanda,2
2023,12,República Dominicana,2
2023,12,Suiza,12
2023,12,Hungría,1
2023,12,Costa Rica,9
2023,12,Reino Unido,13
2023,12,China,7
2023,12,El Salvador,2
2023,12,Perú,29
2023,12,Camerún,1
2023,12,Portugal,1
2023,12,Puerto Rico,3
2023,12,Guayana Francesa,1
2023,12,Panamá,7
2023,12,Argentina,27
2023,12,Guatemala,5
2023,12,Australia,6
2023,12,Ecuador,219
2023,12,Polonia,6
2023,12,Finlandia,1
2023,12,Bolivia,5
2023,12,India,1
2023,12,Suecia,2
2023,12,Rumania,1
2023,12,Bélgica,9
2023,12,México,57
2023,12,Canadá,8
2023,12,Malta,2
2023,12,Venezuela,109
2023,12,Países Bajos,21
2023,12,España,43
2023,12,Eslovaquia,1
2023,12,Estados Unidos,132
2023,12,Brasil,15
2023,12,Noruega,1
2023,12,Chile,36
2023,12,Francia,14
2023,12,República Checa,1
2023,12,Honduras,2
2023,12,Filipinas,1
2024,2,Ecuador,185
2024,2,Paraguay,1
2024,2,Turquía,1
2024,2,Panamá,8
2024,2,Sudáfrica,1
2024,2,Italia,9
2024,2,Chile,21
2024,2,Bélgica,4
2024,2,Brasil,5
2024,2,República Checa,2
2024,2,Venezuela,64
2024,2,China,2
2024,2,Argentina,9
2024,2,Estados Unidos,39
2024,2,Países Bajos,4
2024,2,República Dominicana,2
2024,2,Dinamarca,1
2024,2,El Salvador,3
2024,2,Costa Rica,10
2024,2,Canadá,7
2024,2,Polonia,2
2024,2,Perú,19
2024,2,Bolivia,2
2024,2,México,25
2024,2,Guatemala,2
2024,2,Irlanda,1
2024,3,Paraguay,1
2024,3,El Salvador,1
2024,3,Luxemburgo,1
2024,3,Israel,1
2024,3,Honduras,1
2024,3,Alemania,11
2024,3,Estados Unidos,53
2024,3,China,1
2024,3,España,10
2024,3,Guatemala,2
2024,3,Noruega,1
2024,3,India,1
2024,3,Uruguay,3
2024,3,Perú,17
2024,3,Costa Rica,3
2024,3,Bolivia,9
2024,3,Reino Unido,3
2024,3,Turquía,1
2024,3,Suiza,4
2024,3,Francia,21
2024,3,Portugal,3
2024,3,Argentina,11
2024,3,Organismos internacionales,1
2024,3,Ucrania,2
2024,3,Panamá,4
2024,3,Chile,27
2024,3,Brasil,8
2024,3,Ecuador,199
2024,3,Rumania,1
2024,3,Bélgica,2
2024,3,República Dominicana,3
2024,3,Italia,4
2024,3,Canadá,6
2024,3,Venezuela,64
2024,3,México,22
2023,8,Ecuador,395
2023,10,Estados Unidos,38
2023,8,Venezuela,136
2023,9,República Checa,2
2023,8,Costa Rica,13
2023,9,Brasil,13
2023,9,Chile,5
2023,8,Ucrania,1
2023,8,Bélgica,1
2023,10,Chile,11
2023,8,Suecia,2
2023,8,República Dominicana,2
2023,9,Venezuela,69
2023,8,Perú,57
2023,10,Noruega,2
2023,8,Turquía,1
2023,10,Italia,7
2023,3,Chile,11
2023,10,Perú,11
2023,9,Perú,17
2023,9,Bermudas,1
2023,9,Japón,3
2023,8,Palestina,1
2023,8,China,2
2023,9,Bélgica,4
2023,10,China,5
2023,8,Chile,14
2023,10,Nueva Zelanda,2
2023,8,Aruba,1
2023,8,Italia,13
2023,10,México,25
2023,9,Rusia,6
2023,9,México,12
2023,10,Cuba,1
2023,10,República Dominicana,2
2023,10,Alemania,6
2023,8,Argentina,9
2023,9,Italia,4
2023,8,Corea del Sur,2
2023,8,Canadá,8
2023,8,Francia,22
2023,8,España,25
2023,9,Bolivia,3
2023,9,España,20
2023,8,Panamá,70
2023,9,India,1
2023,8,Alemania,11
2023,8,Brasil,7
2023,7,Ecuador,249
2023,8,Cuba,2
2023,8,Nueva Zelanda,2
2023,9,China,2
2023,10,Costa Rica,1
2023,10,Argentina,7
2023,8,México,21
2023,9,Estados Unidos,30
2023,10,Guatemala,4
2023,9,Ecuador,217
2023,9,Noruega,2
2023,8,Australia,1
2023,9,Costa Rica,6
2023,9,Francia,7
2023,10,Organismos internacionales,1
2023,8,Estados Unidos,37
2023,10,Nicaragua,1
2023,9,Argentina,7
2023,9,Albania,1
2023,10,España,17
2023,8,Reino Unido,13
2023,10,Países Bajos,3
2023,9,Nueva Zelanda,1
2023,9,Países Bajos,7
2023,10,Canadá,1
2023,10,Brasil,10
2023,10,Venezuela,65
2023,8,Bolivia,4
2023,3,Alemania,43
2023,9,Corea del Sur,1
2023,3,España,24
2023,10,Ecuador,197
2023,10,Puerto Rico,3
2023,9,El Salvador,2
2023,8,Eslovaquia,1
2023,10,Francia,12
2023,9,Suiza,11
2023,10,Bolivia,9
2024,4,Suiza,5
2024,4,Italia,5
2024,4,Rusia,3
2024,4,España,14
2024,4,Polonia,2
2024,4,Ecuador,183
2024,4,Estados Unidos,61
2024,4,Perú,27
2024,4,Finlandia,1
2024,4,Bolivia,1
2024,4,Nicaragua,1
2024,4,Portugal,3
2024,4,Irlanda,3
2024,4,Argentina,9
2024,4,Guatemala,1
2024,4,Bélgica,2
2024,4,Paraguay,2
2024,4,Venezuela,53
2024,4,Canadá,5
2024,4,Brasil,13
2024,4,Dinamarca,2
2024,4,México,57
2024,4,China,1
2024,4,Suecia,2
2024,4,El Salvador,3
2024,4,Cuba,3
2024,4,Francia,5
2024,4,Corea del Sur,1
2024,4,Reino Unido,7
2024,4,Costa Rica,2
2024,4,Chile,12
2024,4,República Checa,1
2024,4,India,1
2024,4,Hungría,1
2024,4,Países Bajos,4
2024,4,Alemania,7
2024,4,República Dominicana,4
